"p","B","seed","theta","sigma","mean","sd","variance","median","q025","q975","min","max","mcse_mean","mean_conditional_expectation","status"
40,1000,20260930,-0.5,1e-05,NA,NA,NA,NA,NA,NA,NA,NA,NA,NA,"invalid_parameters"
40,1000,20260930,0,1e-05,9,0,0,9,9,9,9,9,0,9.00016900105473,"completed"
40,1000,20260930,1,1e-05,19.104,2.62489505963078,6.89007407407407,19,14,24,11,29,0.0830064700735676,19.193002004488,"completed"
40,1000,20260930,2,1e-05,24.114,2.6922578353962,7.24825225225225,24,18,29,17,33,0.0851366680828669,23.9548849507187,"completed"
40,1000,20260930,5,1e-05,30.251,2.53543436661796,6.42842742742743,30,25,35,22,37,0.0801774745637915,30.2661370358995,"completed"
40,1000,20260930,-0.5,0.1,NA,NA,NA,NA,NA,NA,NA,NA,NA,NA,"invalid_parameters"
40,1000,20260930,0,0.1,10.8,1.33558368655198,1.78378378378378,11,9,14,9,17,0.0422348645526866,10.7985802375,"completed"
40,1000,20260930,1,0.1,20.829,2.65533610110092,7.05080980980981,21,16,26,13,30,0.0839691003275003,20.6944584625,"completed"
40,1000,20260930,2,0.1,25.191,2.72616047784259,7.43195095095095,25,20,31,17,33,0.0862087637711558,25.217890740625,"completed"
40,1000,20260930,5,0.1,31.093,2.29730899720273,5.27762862862863,31,27,35,24,38,0.0726472892035803,31.1151255416396,"completed"
40,1000,20260930,-0.5,0.51,9.42,0.914568989435153,0.836436436436436,9,9,12,9,15,0.0289212108397355,9.42492252547633,"completed"
40,1000,20260930,0,0.51,20.933,3.37192539669562,11.3698808808809,21,14,27,13,31,0.106629643537249,20.8004318371049,"completed"
40,1000,20260930,1,0.51,28.146,3.07931261260791,9.48216616616617,28,22,34,17,36,0.0973764148352473,28.0738095180945,"completed"
40,1000,20260930,2,0.51,31.103,2.62283630260645,6.87927027027027,31,26,36,22,38,0.08294136646011,31.133637793862,"completed"
40,1000,20260930,5,0.51,34.928,2.17659218815872,4.73755355355355,35,30,39,26,40,0.0688298885191132,34.8726464826567,"completed"
40,1000,20260930,-0.5,0.75,21.906,4.20914253511103,17.7168808808809,22,14,30,9,34,0.133104774072461,21.822849025974,"completed"
40,1000,20260930,0,0.75,28.976,3.55218834551914,12.618042042042,29,22,35,16,40,0.112330058497457,29.0517730712891,"completed"
40,1000,20260930,1,0.75,33.539,2.7651627664796,7.64612512512512,34,28,38,23,40,0.0874421244316784,33.4420827229818,"completed"
40,1000,20260930,2,0.75,35.252,2.31383876919933,5.35384984984985,35,30,39,26,40,0.0731700064907053,35.2091651189895,"completed"
40,1000,20260930,5,0.75,37.375,1.68440262770283,2.83721221221221,38,33,40,29,40,0.0532654880031359,37.2924244868291,"completed"
40,1000,20260930,-0.5,0.99,39.159,1.43240035282416,2.05177077077077,40,35,40,30,40,0.0452964763615314,39.1541618100986,"completed"
40,1000,20260930,0,0.99,39.503,1.01440624013263,1.02902002002002,40,37,40,31,40,0.0320783419150682,39.5104452913149,"completed"
40,1000,20260930,1,0.99,39.726,0.688038805153748,0.473397397397397,40,38,40,32,40,0.0217576974286664,39.7171314584178,"completed"
40,1000,20260930,2,0.99,39.805,0.561507159607329,0.31529029029029,40,38,40,34,40,0.0177564154685086,39.7969560501828,"completed"
40,1000,20260930,5,0.99,39.871,0.420161320846571,0.176535535535536,40,39,40,36,40,0.0132866675857995,39.887880337118,"completed"
