"p","theta","sigma","k","log_C","probability","old_value_invalid"
40,1,0.5,1,103.531262273674,0.00225133870313697,0.17785575754782
40,1,0.5,2,103.531262273674,0.00675401610941079,2.46643272735662
40,1,0.5,3,102.825043011546,0.0133326032289669,17.8797672680332
40,1,0.5,4,101.699762475796,0.0216362420820956,89.158278810793
40,1,0.5,5,100.272646120156,0.0311561885982179,340.581585198367
40,1,0.5,6,98.6076383565671,0.0412608984138557,1054.75307783772
40,1,0.5,7,96.7449271513667,0.0512464126418666,2741.22665683081
40,1,0.5,8,94.7120056253218,0.0603975577564853,6117.61916740289
40,1,0.5,9,92.5287672899603,0.0680535862044888,11915.2502784477
40,1,0.5,10,90.2101818556198,0.0736707076054946,20496.3948290618
40,1,0.5,11,87.7678348202506,0.0768737818492115,31420.2919521768
40,1,0.5,12,85.2108748528225,0.0774904164629769,43222.1235796803
40,1,0.5,13,82.5466272743787,0.0755627941629013,53641.6950591085
40,1,0.5,14,79.781007221455,0.0713355049789623,60314.7774643294
40,1,0.5,15,76.9188063405256,0.0652210331236235,61643.3963507927
40,1,0.5,16,73.9638960614918,0.0577477897448749,57408.1659340725
40,1,0.5,17,70.9193736237684,0.0494981054956065,48807.3857013611
40,1,0.5,18,67.7876672911562,0.0410449185988235,37929.4820383651
40,1,0.5,19,64.570611303005,0.0328957453251046,26963.8479249069
40,1,0.5,20,61.2694973798998,0.0254509187515278,17540.0234910735
40,1,0.5,21,57.885107116554,0.0189803461875806,10438.9368394465
40,1,0.5,22,54.4177278280106,0.0136197229621883,5680.70193205234
40,1,0.5,23,50.8671530452738,0.00938392395480915,2823.66554455444
40,1,0.5,24,47.2326676632257,0.0061928069577545,1280.06046743178
40,1,0.5,25,43.513016550445,0.00390334499155431,528.168481805148
40,1,0.5,26,39.7063540606747,0.00234200699493259,197.839110554932
40,1,0.5,27,35.8101701192763,0.00133246261540434,67.0567368114813
40,1,0.5,28,31.821186072712,0.000715581774939368,20.4846801766691
40,1,0.5,29,27.7352097601604,0.000360797533582874,5.61237673121459
40,1,0.5,30,23.5469333781041,0.000169699253726564,1.37084648230105
40,1,0.5,31,19.2496479718853,7.38826682891169e-05,0.296307437161321
40,1,0.5,32,14.8348315143884,2.94934845186392e-05,0.0561576601732415
40,1,0.5,33,10.2915367321184,1.06678561024865e-05,0.00922434976602923
40,1,0.5,34,5.60544510377812,3.44351086312148e-06,0.00129361485186053
40,1,0.5,35,0.757328739179638,9.72285420175477e-07,0.000151832355072657
40,1,0.5,36,-4.27962386323399,2.33601042509692e-07,1.45098975394831e-05
40,1,0.5,37,-9.54490137570383,4.58751401311022e-08,1.08453946268128e-06
40,1,0.5,38,-15.1017294374034,6.90783963364088e-09,5.94748144067127e-08
40,1,0.5,39,-21.0665933027142,7.09405867382884e-10,2.12821760214864e-09
40,1,0.5,40,-27.7258872223978,3.72892827726904e-11,3.72892827726904e-11
