"p","theta","sigma","k","probability"
40,0,0.2,1,0.411964542786631
40,0,0.2,2,0.257336493686756
40,0,0.2,3,0.152600461181645
40,0,0.2,4,0.0861589907713773
40,0,0.2,5,0.0464146279560664
40,0,0.2,6,0.023893446806875
40,0,0.2,7,0.0117662153339968
40,0,0.2,8,0.00554676041078562
40,0,0.2,9,0.00250421638511578
40,0,0.2,10,0.00108296288069111
40,0,0.2,11,0.000448592268232719
40,0,0.2,12,0.000177947014785522
40,0,0.2,13,6.7570563414152e-05
40,0,0.2,14,2.45474253653058e-05
40,0,0.2,15,8.52545310239063e-06
40,0,0.2,16,2.82814146477006e-06
40,0,0.2,17,8.95140859648006e-07
40,0,0.2,18,2.69987968965316e-07
40,0,0.2,19,7.74876916126542e-08
40,0,0.2,20,2.1127000267473e-08
40,0,0.2,21,5.46186344930543e-09
40,0,0.2,22,1.33601195128213e-09
40,0,0.2,23,3.08451823318824e-10
40,0,0.2,24,6.70295173853523e-11
40,0,0.2,25,1.36668986422293e-11
40,0,0.2,26,2.60507798797361e-12
40,0,0.2,27,4.62273384514763e-13
40,0,0.2,28,7.59962465413537e-14
40,0,0.2,29,1.15087161235001e-14
40,0,0.2,30,1.59468751481888e-15
40,0,0.2,31,2.00552782790309e-16
40,0,0.2,32,2.26679289678228e-17
40,0,0.2,33,2.27466151475889e-18
40,0,0.2,34,1.99520460807814e-19
40,0,0.2,35,1.49881906661216e-20
40,0,0.2,36,9.37659118120868e-22
40,0,0.2,37,4.69051660409243e-23
40,0,0.2,38,1.7592186044416e-24
40,0,0.2,39,4.398046511104e-26
40,0,0.2,40,5.49755813888003e-28
40,1,0.2,1,0.0102991135696658
40,1,0.2,2,0.0386004740530136
40,1,0.2,3,0.0801152421203648
40,1,0.2,4,0.120622587079929
40,1,0.2,5,0.146206078061609
40,1,0.2,6,0.150528714883313
40,1,0.2,7,0.135899787107664
40,1,0.2,8,0.109825856133557
40,1,0.2,9,0.0805731621911004
40,1,0.2,10,0.05420229217859
40,1,0.2,11,0.0336780645375714
40,1,0.2,12,0.0194318140145793
40,1,0.2,13,0.0104531661601695
40,1,0.2,14,0.00525805851324853
40,1,0.2,15,0.002478349216865
40,1,0.2,16,0.00109618763174487
40,1,0.2,17,0.000455380533824435
40,1,0.2,18,0.000177746579368318
40,1,0.2,19,6.51845833768549e-05
40,1,0.2,20,2.24495504842169e-05
40,1,0.2,21,7.25472012653998e-06
40,1,0.2,22,2.19707165388348e-06
40,1,0.2,23,6.22532892413219e-07
40,1,0.2,24,1.64691524215812e-07
40,1,0.2,25,4.05753137064487e-08
40,1,0.2,26,9.28098109385419e-09
40,1,0.2,27,1.96363332590722e-09
40,1,0.2,28,3.82595503587791e-10
40,1,0.2,29,6.82858162471759e-11
40,1,0.2,30,1.1093284228086e-11
40,1,0.2,31,1.6276462745696e-12
40,1,0.2,32,2.1364069693594e-13
40,1,0.2,33,2.47879532574716e-14
40,1,0.2,34,2.50369247846991e-15
40,1,0.2,35,2.15738892333855e-16
40,1,0.2,36,1.54246800249118e-17
40,1,0.2,37,8.78765940518419e-19
40,1,0.2,38,3.74127742950784e-20
40,1,0.2,39,1.05838769387392e-21
40,1,0.2,40,1.49259802982221e-23
40,5,0.2,1,3.79338405229641e-07
40,5,0.2,2,6.16086514634859e-06
40,5,0.2,3,4.93207802104199e-05
40,5,0.2,4,0.000259903107313237
40,5,0.2,5,0.00101508812880249
40,5,0.2,6,0.00313529875531353
40,5,0.2,7,0.0079771427027522
40,5,0.2,8,0.0171910306454513
40,5,0.2,9,0.0320153543516289
40,5,0.2,10,0.0523041849540949
40,5,0.2,11,0.0758302863813453
40,5,0.2,12,0.0984444947832184
40,5,0.2,13,0.115260034691142
40,5,0.2,14,0.12239604887616
40,5,0.2,15,0.118417391769586
40,5,0.2,16,0.10475334093999
40,5,0.2,17,0.0849614682900409
40,5,0.2,18,0.0633104511989252
40,5,0.2,19,0.0434069899274719
40,5,0.2,20,0.0274071489859814
40,5,0.2,21,0.0159422413334751
40,5,0.2,22,0.00854195778971602
40,5,0.2,23,0.00421317595331614
40,5,0.2,24,0.00191074067524717
40,5,0.2,25,0.000795408940582151
40,5,0.2,26,0.000303229339265812
40,5,0.2,27,0.000105547076388719
40,5,0.2,28,3.34178912143993e-05
40,5,0.2,29,9.57925234543945e-06
40,5,0.2,30,2.47158808081923e-06
40,5,0.2,31,5.69863216883951e-07
40,5,0.2,32,1.16353676131104e-07
40,5,0.2,33,2.07974420678147e-08
40,5,0.2,34,3.2062297259706e-09
40,5,0.2,35,4.17954976706825e-10
40,5,0.2,36,4.48237801083118e-11
40,5,0.2,37,3.79936930418215e-12
40,5,0.2,38,2.38781461825666e-13
40,5,0.2,39,9.89686322040589e-15
40,5,0.2,40,2.0301257888012e-16
40,0,0.5,1,0.0900535481254782
40,0,0.5,2,0.0900535481254769
40,0,0.5,3,0.0888840215264455
40,0,0.5,4,0.0865449683283803
40,0,0.5,5,0.0830831695952461
40,0,0.5,6,0.0785921874549623
40,0,0.5,7,0.073209160916951
40,0,0.5,8,0.0671083975072056
40,0,0.5,9,0.0604920766262129
40,0,0.5,10,0.0535786964403595
40,0,0.5,11,0.0465901708177039
40,0,0.5,12,0.0397386751092179
40,0,0.5,13,0.0332144150166596
40,0,0.5,14,0.0271754304681757
40,0,0.5,15,0.0217403443745412
40,0,0.5,16,0.0169846440426103
40,0,0.5,17,0.0129406811753219
40,0,0.5,18,0.00960115054943244
40,0,0.5,19,0.00692542006844294
40,0,0.5,20,0.00484779404791008
40,0,0.5,21,0.00328664003248146
40,0,0.5,22,0.00215331588334991
40,0,0.5,23,0.00135998897895785
40,0,0.5,24,0.000825707594367257
40,0,0.5,25,0.000480411691268221
40,0,0.5,26,0.000266895384037902
40,0,0.5,27,0.000141001334963421
40,0,0.5,28,7.05006674817102e-05
40,0,0.5,29,3.31767846972755e-05
40,0,0.5,30,1.45977852668013e-05
40,0,0.5,31,5.95827970073522e-06
40,0,0.5,32,2.23435488777569e-06
40,0,0.5,33,7.60631451157684e-07
40,0,0.5,34,2.31496528613209e-07
40,0,0.5,35,6.17324076301883e-08
40,0,0.5,36,1.40300926432247e-08
40,0,0.5,37,2.61024979408831e-09
40,0,0.5,38,3.72892827726904e-10
40,0,0.5,39,3.63797880709168e-11
40,0,0.5,40,1.81898940354585e-12
40,1,0.5,1,0.00225133870313697
40,1,0.5,2,0.00675401610941079
40,1,0.5,3,0.0133326032289669
40,1,0.5,4,0.0216362420820953
40,1,0.5,5,0.0311561885982175
40,1,0.5,6,0.0412608984138557
40,1,0.5,7,0.0512464126418659
40,1,0.5,8,0.0603975577564853
40,1,0.5,9,0.0680535862044898
40,1,0.5,10,0.0736707076054946
40,1,0.5,11,0.0768737818492115
40,1,0.5,12,0.0774904164629758
40,1,0.5,13,0.0755627941629013
40,1,0.5,14,0.0713355049789623
40,1,0.5,15,0.0652210331236235
40,1,0.5,16,0.0577477897448749
40,1,0.5,17,0.0494981054956065
40,1,0.5,18,0.0410449185988241
40,1,0.5,19,0.0328957453251041
40,1,0.5,20,0.025450918751528
40,1,0.5,21,0.0189803461875803
40,1,0.5,22,0.0136197229621883
40,1,0.5,23,0.00938392395480915
40,1,0.5,24,0.0061928069577545
40,1,0.5,25,0.00390334499155431
40,1,0.5,26,0.00234200699493261
40,1,0.5,27,0.00133246261540432
40,1,0.5,28,0.000715581774939371
40,1,0.5,29,0.000360797533582873
40,1,0.5,30,0.000169699253726564
40,1,0.5,31,7.38826682891169e-05
40,1,0.5,32,2.94934845186393e-05
40,1,0.5,33,1.06678561024865e-05
40,1,0.5,34,3.44351086312145e-06
40,1,0.5,35,9.7228542017548e-07
40,1,0.5,36,2.33601042509692e-07
40,1,0.5,37,4.58751401311022e-08
40,1,0.5,38,6.90783963364093e-09
40,1,0.5,39,7.09405867382879e-10
40,1,0.5,40,3.72892827726902e-11
40,5,0.5,1,8.29216250022823e-08
40,5,0.5,2,9.121378750251e-07
40,5,0.5,3,5.40175157157726e-06
40,5,0.5,4,2.27916009291985e-05
40,5,0.5,5,7.65797791221083e-05
40,5,0.5,6,0.000217320994805982
40,5,0.5,7,0.000539829320431292
40,5,0.5,8,0.00120176289191252
40,5,0.5,9,0.00243737825965352
40,5,0.5,10,0.00455751046011406
40,5,0.5,11,0.00792610514802447
40,5,0.5,12,0.0129064118586817
40,5,0.5,13,0.0197769893157907
40,5,0.5,14,0.028628229289291
40,5,0.5,15,0.0392615715967422
40,5,0.5,16,0.0511218380165915
40,5,0.5,17,0.0632937042110182
40,5,0.5,18,0.0745832833302507
40,5,0.5,19,0.083685432661992
40,5,0.5,20,0.0894112780546543
40,5,0.5,21,0.0909267234454122
40,5,0.5,22,0.0879406241532808
40,5,0.5,23,0.0807875590307656
40,5,0.5,24,0.0703754978513349
40,5,0.5,25,0.0580064709562517
40,5,0.5,26,0.045116144077084
40,5,0.5,27,0.033002230210233
40,5,0.5,28,0.0226126392181227
40,5,0.5,29,0.01444168555107
40,5,0.5,30,0.00854549393297791
40,5,0.5,31,0.00465060894311727
40,5,0.5,32,0.00230655201614283
40,5,0.5,33,0.00103058707104255
40,5,0.5,34,0.000408704490624246
40,5,0.5,35,0.000141043118333075
40,5,0.5,36,4.12138982142098e-05
40,5,0.5,37,9.7976192137139e-06
40,5,0.5,38,1.77794634380138e-06
40,5,0.5,39,2.1910506932597e-07
40,5,0.5,40,1.37642928166316e-08
40,0,0.8,1,0.0115974544998975
40,0,0.8,2,0.0123770172591904
40,0,0.8,3,0.0132162424781736
40,0,0.8,4,0.014119160318041
40,0,0.8,5,0.0150898009399873
40,0,0.8,6,0.0161320963735201
40,0,0.8,7,0.0172497499903671
40,0,0.8,8,0.0184460659475265
40,0,0.8,9,0.0197237296986742
40,0,0.8,10,0.021084529408809
40,0,0.8,11,0.0225290069696916
40,0,0.8,12,0.0240560265061515
40,0,0.8,13,0.0256622480948057
40,0,0.8,14,0.0273414953416196
40,0,0.8,15,0.0290840081300526
40,0,0.8,16,0.0308755771504152
40,0,0.8,17,0.0326965659465556
40,0,0.8,18,0.0345208407022914
40,0,0.8,19,0.036314649716492
40,0,0.8,20,0.0380355256319033
40,0,0.8,21,0.0396313261839865
40,0,0.8,22,0.0410395852842567
40,0,0.8,23,0.0421874160876553
40,0,0.8,24,0.042992288931349
40,0,0.8,25,0.0433640921130129
40,0,0.8,26,0.0432089562566955
40,0,0.8,27,0.0424353542868953
40,0,0.8,28,0.040962931469519
40,0,0.8,29,0.0387343041060383
40,0,0.8,30,0.0357296003344109
40,0,0.8,31,0.0319827021391931
40,0,0.8,32,0.027596911229031
40,0,0.8,33,0.0227561334085514
40,0,0.8,34,0.0177259234263642
40,0,0.8,35,0.0128375483345354
40,0,0.8,36,0.00844892167413563
40,0,0.8,37,0.00488075904702278
40,0,0.8,38,0.00233653358634068
40,0,0.8,39,0.00083076749736557
40,0,0.8,40,0.000166153499473113
40,1,0.8,1,0.000289936362497439
40,1,0.8,2,0.000696207220829468
40,1,0.8,3,0.00120804716402056
40,1,0.8,4,0.00182832095524632
40,1,0.8,5,0.00256463987411429
40,1,0.8,6,0.00342723354810368
40,1,0.8,7,0.00442815132418354
40,1,0.8,8,0.00558083669143298
40,1,0.8,9,0.00689979750318736
40,1,0.8,10,0.00840025696250403
40,1,0.8,11,0.0100977178330303
40,1,0.8,12,0.0120073861790718
40,1,0.8,13,0.0141434030054713
40,1,0.8,14,0.0165178300044
40,1,0.8,15,0.0191393328191125
40,1,0.8,16,0.0220115045052707
40,1,0.8,17,0.0251307761765681
40,1,0.8,18,0.0284838750097248
40,1,0.8,19,0.0320448169990837
40,1,0.8,20,0.0357714698208128
40,1,0.8,21,0.0396017982612064
40,1,0.8,22,0.0434500205044924
40,1,0.8,23,0.0472030677999864
40,1,0.8,24,0.0507179595959518
40,1,0.8,25,0.0538209804022211
40,1,0.8,26,0.056309856572643
40,1,0.8,27,0.0579604350259105
40,1,0.8,28,0.0585395690479086
40,1,0.8,29,0.0578258584830814
40,1,0.8,30,0.0556393272893827
40,1,0.8,31,0.0518797210875293
40,1,0.8,32,0.0465705085966339
40,1,0.8,33,0.0399016308832232
40,1,0.8,34,0.0322587608169538
40,1,0.8,35,0.0242215040602845
40,1,0.8,36,0.0165105015541804
40,1,0.8,37,0.00986893132143924
40,1,0.8,38,0.00488409949310726
40,1,0.8,39,0.00179369267933997
40,1,0.8,40,0.000370236565863765
40,5,0.8,1,1.0678977042432e-08
40,5,0.8,2,8.26268085770367e-08
40,5,0.8,3,3.6394598530847e-07
40,5,0.8,4,1.19883187751781e-06
40,5,0.8,5,3.2831959079692e-06
40,5,0.8,6,7.89744505411875e-06
40,5,0.8,7,1.72410395659045e-05
40,5,0.8,8,3.48981366391472e-05
40,5,0.8,9,6.64679678733952e-05
40,5,0.8,10,0.000120396706194946
40,5,0.8,11,0.000209048043859755
40,5,0.8,12,0.000350045393270022
40,5,0.8,13,0.000567906441820369
40,5,0.8,14,0.000895966434866213
40,5,0.8,15,0.00137854429867733
40,5,0.8,16,0.00207323832739613
40,5,0.8,17,0.00305313718784474
40,5,0.8,18,0.00440858863429886
40,5,0.8,19,0.00624797538882085
40,5,0.8,20,0.00869670331697129
40,5,0.8,21,0.0118933212490793
40,5,0.8,22,0.0159813962480525
40,5,0.8,23,0.021095530627057
40,5,0.8,24,0.0273398501420102
40,5,0.8,25,0.0347576141305915
40,5,0.8,26,0.043291585139204
40,5,0.8,27,0.0527368172175263
40,5,0.8,28,0.0626909711570648
40,5,0.8,29,0.0725123985905955
40,5,0.8,30,0.0813028547243095
40,5,0.8,31,0.0879385997883109
40,5,0.8,32,0.0911778721391159
40,5,0.8,33,0.089868792906454
40,5,0.8,34,0.0832616527311214
40,5,0.8,35,0.0713847130123888
40,5,0.8,36,0.0553707388486761
40,5,0.8,37,0.0375396842251292
40,5,0.8,38,0.0210067885057957
40,5,0.8,39,0.00869754752169785
40,5,0.8,40,0.00201827705311195
