"p","theta","sigma","k","raw_weight","normalized_weight_diagnostic_only"
40,0,0.2,1,2.27310108197993,0.150291395685322
40,0,0.2,2,2.64126255260281,0.174633252585622
40,0,0.2,3,2.64982505340547,0.175199382357144
40,0,0.2,4,2.34887210362955,0.155301174038999
40,0,0.2,5,1.86740997265728,0.123468178926251
40,0,0.2,6,1.34545096769627,0.0889576382521048
40,0,0.2,7,0.885143787795234,0.0585233522189281
40,0,0.2,8,0.534710652057071,0.0353536456528664
40,0,0.2,9,0.29787839591566,0.0196949269971201
40,0,0.2,10,0.153531620473468,0.0101511022566089
40,0,0.2,11,0.0733983439730812,0.00485290321849537
40,0,0.2,12,0.0326084751083887,0.00215598561544879
40,0,0.2,13,0.013481524804927,0.000891362550905098
40,0,0.2,14,0.00519201196676109,0.000343282017278238
40,0,0.2,15,0.0018637298186845,0.000123224856937056
40,0,0.2,16,0.000623731912744689,4.1239494557903e-05
40,0,0.2,17,0.000194609099590048,1.28670358842891e-05
40,0,0.2,18,5.65890457275533e-05,3.7415171416339e-06
40,0,0.2,19,1.53261611885251e-05,1.01332500071459e-06
40,0,0.2,20,3.86248471467394e-06,2.55377212735273e-07
40,0,0.2,21,9.0469368997393e-07,5.98159397361486e-08
40,0,0.2,22,1.96637974432595e-07,1.30011796908159e-08
40,0,0.2,23,3.95861071700084e-08,2.6173280825449e-09
40,0,0.2,24,7.36442715320901e-09,4.86916329437757e-10
40,0,0.2,25,1.26263566206954e-09,8.34821105840142e-11
40,0,0.2,26,1.98867773020543e-10,1.31486080408073e-11
40,0,0.2,27,2.86646619525593e-11,1.89523118256828e-12
40,0,0.2,28,3.76416236970031e-12,2.48876400883884e-13
40,0,0.2,29,4.47918657604139e-13,2.96151899000399e-14
40,0,0.2,30,4.79893707945841e-14,3.17292951552171e-15
40,0,0.2,31,4.59325221290775e-15,3.03693615424839e-16
40,0,0.2,32,3.8901445782939e-16,2.57206009325475e-17
40,0,0.2,33,2.88058352103971e-17,1.90456518276831e-18
40,0,0.2,34,1.8365744723349e-18,1.21429417686442e-19
40,0,0.2,35,9.88027086082312e-20,6.53257221684448e-21
40,0,0.2,36,4.36206059503852e-21,2.88407840764061e-22
40,0,0.2,37,1.51776585098199e-22,1.0035063987076e-23
40,0,0.2,38,3.90326627860482e-24,2.58073581238192e-25
40,0,0.2,39,6.59706976665602e-26,4.36180700684268e-27
40,0,0.2,40,5.49755813888003e-28,3.6348391723689e-29
40,1,0.2,1,0.0568275270494985,0.000802900109588464
40,1,0.2,2,0.396189382890423,0.00559764810218526
40,1,0.2,3,1.39115815303789,0.0196552813666535
40,1,0.2,4,3.28842094508139,0.0464611725032322
40,1,0.2,5,5.88234141387043,0.0831099435616741
40,1,0.2,6,8.47634109648647,0.119759833809947
40,1,0.2,7,10.223410749035,0.144443688419142
40,1,0.2,8,10.5872709107302,0.149584566068902
40,1,0.2,9,9.58423738858638,0.13541298819699
40,1,0.2,10,7.6842576046971,0.108568709448562
40,1,0.2,11,5.51038067377907,0.0778546151233658
40,1,0.2,12,3.56084548183609,0.0503101819845777
40,1,0.2,13,2.08559188732224,0.029466739832428
40,1,0.2,14,1.11212896328023,0.015712956604929
40,1,0.2,15,0.541786258291592,0.00765474530990842
40,1,0.2,16,0.24175848937984,0.00341573754296824
40,1,0.2,17,0.0990025141889477,0.0013987786134456
40,1,0.2,18,0.0372553982547348,0.00052637101937295
40,1,0.2,19,0.012892749945817,0.000182158029424307
40,1,0.2,20,0.00410427625781255,5.79881622212542e-05
40,1,0.2,21,0.00120165939370788,1.69779068171607e-05
40,1,0.2,22,0.000323371148954404,4.56881980289392e-06
40,1,0.2,23,7.98946607958697e-05,1.12880913949788e-06
40,1,0.2,24,1.80943975154347e-05,2.55650641553088e-07
40,1,0.2,25,3.74860745122672e-06,5.29630179186308e-08
40,1,0.2,26,7.0849627155164e-07,1.00101440904923e-08
40,1,0.2,27,1.21761034425534e-07,1.72032733007566e-09
40,1,0.2,28,1.89502990340195e-08,2.67743432824299e-10
40,1,0.2,29,2.65768056302838e-09,3.75496194555144e-11
40,1,0.2,30,3.33833258995449e-10,4.7166360063188e-12
40,1,0.2,31,3.7277916309517e-11,5.26689170620964e-13
40,1,0.2,32,3.66638346215045e-12,5.18012983565138e-14
40,1,0.2,33,3.13909428767664e-13,4.43513782570332e-15
40,1,0.2,34,2.30463465948181e-14,3.25615334105172e-16
40,1,0.2,35,1.42215877750373e-15,2.00932804504295e-17
40,1,0.2,36,7.17567692005023e-17,1.01383116327787e-18
40,1,0.2,37,2.84352673298551e-18,4.01753875994494e-20
40,1,0.2,38,8.3009592967205e-20,1.1728191380246e-21
40,1,0.2,39,1.58758154081089e-21,2.24304920393142e-23
40,1,0.2,40,1.49259802982221e-23,2.10884967890988e-25
40,5,0.2,1,2.0930795003167e-06,1.08947562550254e-08
40,5,0.2,2,6.32341809339102e-05,3.29142294001203e-07
40,5,0.2,3,0.000856428860326372,4.45782574508674e-06
40,5,0.2,4,0.0070854956975367,3.68809443497076e-05
40,5,0.2,5,0.0408402647683841,0.000212578991851444
40,5,0.2,6,0.176550113445319,0.000918966743734679
40,5,0.2,7,0.600101061153937,0.0031236055719169
40,5,0.2,8,1.657224492352,0.00862607316220024
40,5,0.2,9,3.80825013989106,0.0198224467947834
40,5,0.2,10,7.4151629910173,0.0385969063125387
40,5,0.2,11,12.4072968651966,0.0645816248783695
40,5,0.2,12,18.0397792093653,0.0938994421142496
40,5,0.2,13,22.9964194198199,0.1196994114554
40,5,0.2,14,25.8879186306625,0.134750048141184
40,5,0.2,15,25.8869553842171,0.134745034315749
40,5,0.2,16,23.1028053316312,0.120253164228755
40,5,0.2,17,18.4711430224233,0.0961447479422387
40,5,0.2,18,13.2697691369657,0.0690709073811226
40,5,0.2,19,8.58539608667965,0.0446881247000277
40,5,0.2,20,5.01063533350382,0.0260810211141442
40,5,0.2,21,2.64064549989265,0.01374490986745
40,5,0.2,22,1.25722923050692,0.00654404480144858
40,5,0.2,23,0.540710808642825,0.00281447143490247
40,5,0.2,24,0.209930058583506,0.00109271378298075
40,5,0.2,25,0.0734849742138832,0.000382499031855193
40,5,0.2,26,0.023148076062471,0.000120488804383805
40,5,0.2,27,0.00654476629222186,3.40663761166621e-05
40,5,0.2,28,0.00165521817601259,8.61563001969892e-06
40,5,0.2,29,0.000372824023581496,1.94059846380593e-06
40,5,0.2,30,7.43781811544323e-05,3.87148292383093e-07
40,5,0.2,31,1.30515540377405e-05,6.79350688633474e-08
40,5,0.2,32,1.99679742692191e-06,1.03935952999801e-08
40,5,0.2,33,2.63374434005291e-07,1.37089884156754e-09
40,5,0.2,34,2.9513161924936e-08,1.5361992004538e-10
40,5,0.2,35,2.75517470352611e-09,1.43410495542033e-11
40,5,0.2,36,2.08523589386068e-10,1.08539292436837e-12
40,5,0.2,37,1.2294067950054e-11,6.39922533655755e-14
40,5,0.2,38,5.29796368425695e-13,2.75766032676842e-15
40,5,0.2,39,1.4845294830609e-14,7.72717274661583e-17
40,5,0.2,40,2.0301257888012e-16,1.05670738415258e-18
40,0,0.5,1,7.11423030191276,3.57726422496675e-05
40,0,0.5,2,32.8857696980882,0.000165360246237512
40,0,0.5,3,119.198448453554,0.000599368206016325
40,0,0.5,4,356.633115243163,0.00179326621497592
40,0,0.5,5,908.217560528961,0.00456681053309914
40,0,0.5,6,2009.05348159562,0.0101021682469636
40,0,0.5,7,3916.0380811868,0.0196911012673719
40,0,0.5,8,6797.35463044762,0.0341792892723401
40,0,0.5,9,10591.3335808425,0.0532566379011516
40,0,0.5,10,14906.4689665904,0.0749545290098689
40,0,0.5,11,19042.6011831375,0.0957523345068434
40,0,0.5,12,22165.1915793226,0.111453725155519
40,0,0.5,13,23578.767058949,0.118561638138316
40,0,0.5,14,22977.058081649,0.115536051522491
40,0,0.5,15,20547.7987835976,0.103320953034956
40,0,0.5,16,16884.7546864917,0.0849019870372858
40,0,0.5,17,12760.1008369571,0.06416189846812
40,0,0.5,18,8872.39345926674,0.0446132531064259
40,0,0.5,19,5676.59956313835,0.0285437716729763
40,0,0.5,20,3340.95685544256,0.0167994075661548
40,0,0.5,21,1807.60811072665,0.00908923601408242
40,0,0.5,22,898.134692814592,0.00451611062540851
40,0,0.5,23,409.226890515133,0.00205772466339834
40,0,0.5,24,170.6747289909,0.000858207530842638
40,0,0.5,25,65.0053516067871,0.000326867853394938
40,0,0.5,26,22.5457675846077,0.000113367383936317
40,0,0.5,27,7.09595098534187,3.56807279561306e-05
40,0,0.5,28,2.01819509129743,1.01481352060822e-05
40,0,0.5,29,0.516080618962254,2.59501963960318e-06
40,0,0.5,30,0.117922278047402,5.92951210016545e-07
40,0,0.5,31,0.0238957610613965,1.20155586121951e-07
40,0,0.5,32,0.00425436819494254,2.1392334093419e-08
40,0,0.5,33,0.00065770764820172,3.30716597657296e-09
40,0,0.5,34,8.69657043267578e-05,4.37291582764059e-10
40,0,0.5,35,9.64014952842258e-06,4.84737780024977e-11
40,0,0.5,36,8.7146531768667e-07,4.38200841406783e-12
40,0,0.5,37,6.17092155152934e-08,3.10293819071713e-13
40,0,0.5,38,3.2105162972584e-09,1.61435104100683e-14
40,0,0.5,39,1.0913936421275e-10,5.48787889294105e-16
40,0,0.5,40,1.81898940354585e-12,9.14646482156851e-18
40,1,0.5,1,0.17785575754782,3.53793277950062e-07
40,1,0.5,2,2.46643272735662,4.90626410685746e-06
40,1,0.5,3,17.8797672680332,3.55666949327795e-05
40,1,0.5,4,89.1582788107918,0.000177354954103043
40,1,0.5,5,340.581585198363,0.000677489877741852
40,1,0.5,6,1054.75307783772,0.00209813027130027
40,1,0.5,7,2741.22665683081,0.0054528882162474
40,1,0.5,8,6117.61916740289,0.0121692576519693
40,1,0.5,9,11915.2502784479,0.0237019903753975
40,1,0.5,10,20496.3948290618,0.0407717288026663
40,1,0.5,11,31420.2919521768,0.0625017049612227
40,1,0.5,12,43222.1235796797,0.0859780812949284
40,1,0.5,13,53641.6950591085,0.106704845496256
40,1,0.5,14,60314.7774643286,0.119979038756707
40,1,0.5,15,61643.3963507927,0.122621946905813
40,1,0.5,16,57408.1659340725,0.114197164527866
40,1,0.5,17,48807.3857013611,0.0970883665141668
40,1,0.5,18,37929.4820383657,0.075449881220142
40,1,0.5,19,26963.8479249073,0.053636881229077
40,1,0.5,20,17540.0234910735,0.0348908716354572
40,1,0.5,21,10438.9368394463,0.0207652860591167
40,1,0.5,22,5680.70193205234,0.0113001354879258
40,1,0.5,23,2823.66554455442,0.00561687685918155
40,1,0.5,24,1280.06046743177,0.00254631503073612
40,1,0.5,25,528.168481805148,0.00105064048003905
40,1,0.5,26,197.839110554934,0.000393544456446036
40,1,0.5,27,67.0567368114803,0.000133390243038882
40,1,0.5,28,20.4846801766689,4.0748425844543e-05
40,1,0.5,29,5.61237673121455,1.11642219976667e-05
40,1,0.5,30,1.37084648230106,2.72690790124803e-06
40,1,0.5,31,0.296307437161318,5.89419093987433e-07
40,1,0.5,32,0.0561576601732419,1.11709640152386e-07
40,1,0.5,33,0.00922434976602913,1.83492116627368e-08
40,1,0.5,34,0.00129361485186053,2.57327761077157e-09
40,1,0.5,35,0.000151832355072658,3.02027144584232e-10
40,1,0.5,36,1.45098975394831e-05,2.88633007105943e-11
40,1,0.5,37,1.08453946268127e-06,2.15738178430934e-12
40,1,0.5,38,5.94748144067122e-08,1.1830817193964e-13
40,1,0.5,39,2.12821760214863e-09,4.23348162598977e-15
40,1,0.5,40,3.72892827726902e-11,7.41763874639244e-17
40,5,0.5,1,6.55080837518028e-06,1.21346843361692e-11
40,5,0.5,2,0.000333094661069693,6.17022867201903e-10
40,5,0.5,3,0.00724405123897309,1.34188439144435e-08
40,5,0.5,4,0.0939192629884361,1.73975568231907e-07
40,5,0.5,5,0.837126225671914,1.5506883908473e-06
40,5,0.5,6,5.55538044400385,1.0290758665866e-05
40,5,0.5,7,28.8760607234422,5.34898689875629e-05
40,5,0.5,8,121.725579234173,0.000225483847953861
40,5,0.5,9,426.751529298595,0.000790512376707
40,5,0.5,10,1267.9738917169,0.00234878843056756
40,5,0.5,11,3239.60304545802,0.0060010243132846
40,5,0.5,12,7198.85830775879,0.0133351287569998
40,5,0.5,13,14039.5976858374,0.0260068798180589
40,5,0.5,14,24205.4118673525,0.0448379826450353
40,5,0.5,15,37107.9160108611,0.068738516130459
40,5,0.5,16,50821.1824673641,0.0941409016280902
40,5,0.5,17,62410.4741578287,0.115608847000512
40,5,0.5,18,68922.1809181058,0.127671099702796
40,5,0.5,19,68594.9279314857,0.127064897923829
40,5,0.5,20,61619.619030507,0.114143870958464
40,5,0.5,21,50008.4831795931,0.0926354615735932
40,5,0.5,22,36679.4886298602,0.0679448994145259
40,5,0.5,23,24309.3452123428,0.0450305082481712
40,5,0.5,24,14546.698014302,0.0269462299043781
40,5,0.5,25,7848.95769298582,0.0145393695735617
40,5,0.5,26,3811.14908503311,0.00705975330925229
40,5,0.5,27,1660.85099860604,0.00307655199835409
40,5,0.5,28,647.323197090786,0.00119909821968503
40,5,0.5,29,224.64726724005,0.000416135462803247
40,5,0.5,30,69.0313012007898,0.000127873233563109
40,5,0.5,31,18.651329859693,3.45496291960932e-05
40,5,0.5,32,4.39183658385948,8.13541589814976e-06
40,5,0.5,33,0.891134593147363,1.65073321788109e-06
40,5,0.5,34,0.153536962742252,2.84411094036942e-07
40,5,0.5,35,0.0220253316350638,4.07996130376175e-08
40,5,0.5,36,0.00255996049446594,4.74205788572662e-09
40,5,0.5,37,0.00023162664238693,4.29064022061976e-10
40,5,0.5,38,1.53076843746799e-05,2.83558771934521e-11
40,5,0.5,39,6.57315207977909e-07,1.21760737016762e-12
40,5,0.5,40,1.37642928166316e-08,2.54969064693223e-14
40,0,0.8,1,20.4952360036347,5.47561674480012e-09
40,0,0.8,2,238.468089226366,6.37104087133619e-08
40,0,0.8,3,1948.86859764411,5.20670146212649e-07
40,0,0.8,4,12223.6736214696,3.26574194865678e-06
40,0,0.8,5,61847.7263353477,1.65235689840111e-05
40,0,0.8,6,260597.156530007,6.96225285568777e-05
40,0,0.8,7,934728.700516314,0.000249727113339154
40,0,0.8,8,2900119.85246865,0.000774811513431141
40,0,0.8,9,7877678.8443878,0.0021046427659012
40,0,0.8,10,18909690.0654769,0.00505201382131649
40,0,0.8,11,40407741.0426792,0.0107955479719093
40,0,0.8,12,77317666.5419305,0.020656600856452
40,0,0.8,13,133094442.12808,0.0355582222047652
40,0,0.8,14,206887397.012747,0.055273142264388
40,0,0.8,15,291266796.353815,0.0778163933821693
40,0,0.8,16,372250938.971194,0.0994525495747771
40,0,0.8,17,432638970.506801,0.115586138697793
40,0,0.8,18,457821309.401817,0.122313986891507
40,0,0.8,19,441447299.127919,0.117939418829964
40,0,0.8,20,387984111.210482,0.103655907923371
40,0,0.8,21,310780820.040901,0.0830298642024363
40,0,0.8,22,226759775.642324,0.0605823531055718
40,0,0.8,23,150564956.881784,0.0402257382611158
40,0,0.8,24,90844729.0371631,0.0242705631398684
40,0,0.8,25,49710194.504352,0.0132808411363025
40,0,0.8,26,24607538.946466,0.00657428156863844
40,0,0.8,27,10984883.6149746,0.00293478019239049
40,0,0.8,28,4404817.4957778,0.00117681457453781
40,0,0.8,29,1578971.80388868,0.000421846542650537
40,0,0.8,30,502993.487799163,0.000134382427400693
40,0,0.8,31,141355.471669768,3.77652829909757e-05
40,0,0.8,32,34726.325458668,9.2776706320015e-06
40,0,0.8,33,7371.91703339232,1.96952073848584e-06
40,0,0.8,34,1332.26505652926,3.55935050016011e-07
40,0,0.8,35,200.940370895413,5.36843029953957e-08
40,0,0.8,36,24.6087725928832,6.5746111562059e-09
40,0,0.8,37,2.35086432567022,6.28069472540364e-10
40,0,0.8,38,0.164336195572629,4.39049359614426e-11
40,0,0.8,39,0.0074769074762902,1.99757054611302e-12
40,0,0.8,40,0.000166153499473113,4.43904565802888e-14
40,1,0.8,1,0.51238090009087,1.63539867890026e-10
40,1,0.8,2,13.4138300189832,4.28137736753017e-09
40,1,0.8,3,178.138770253407,5.68576833136584e-08
40,1,0.8,4,1582.87023653015,5.05214752000487e-07
40,1,0.8,5,10511.5465547735,3.35503711122457e-06
40,1,0.8,6,55363.3760126852,1.7670680537574e-05
40,1,0.8,7,239952.470920165,7.65871549607132e-05
40,1,0.8,8,877428.028732631,0.000280054279690153
40,1,0.8,9,2755786.53996016,0.000879581902054252
40,1,0.8,10,7533782.35536752,0.00240460518901175
40,1,0.8,11,18111138.5809438,0.00578064719106472
40,1,0.8,12,38592536.4854523,0.0123178251126312
40,1,0.8,13,73353212.3082721,0.0234126109073862
40,1,0.8,14,124986977.164611,0.0398928877517666
40,1,0.8,15,191674136.853651,0.0611778522841536
40,1,0.8,16,265381378.308761,0.084703460924072
40,1,0.8,17,332528900.767109,0.106135362366989
40,1,0.8,18,377758035.10267,0.120571432588784
40,1,0.8,19,389542458.091496,0.124332741760166
40,1,0.8,20,364889447.287655,0.116464083640325
40,1,0.8,21,310549268.060705,0.0991199833229246
40,1,0.8,22,240078373.916526,0.0766273402201327
40,1,0.8,23,168465588.250916,0.0537702323441101
40,1,0.8,24,107169434.597194,0.0342059494660431
40,1,0.8,25,61697392.3318096,0.019692348776689
40,1,0.8,26,32068513.306579,0.0102355111766605
40,1,0.8,27,15003730.8214378,0.00478883610993364
40,1,0.8,28,6294864.86164678,0.00200917201963756
40,1,0.8,29,2357223.19498723,0.000752369906503441
40,1,0.8,30,783278.263124942,0.000250003900711101
40,1,0.8,31,229295.273817312,7.31856296384979e-05
40,1,0.8,32,58601.5813465799,1.87042391116973e-05
40,1,0.8,33,12926.2518850247,4.12575395611983e-06
40,1,0.8,34,2424.54053138029,7.73856008539012e-07
40,1,0.8,35,379.128310381894,1.21008792057291e-07
40,1,0.8,36,48.0893531520214,1.53489844371709e-08
40,1,0.8,37,4.75346526073913,1.51719371394062e-09
40,1,0.8,38,0.343514997681879,1.09641864732222e-10
40,1,0.8,39,0.0161432341140599,5.15253861699941e-12
40,1,0.8,40,0.000370236565863765,1.18170757455399e-13
40,5,0.8,1,1.88720856601745e-05,2.62894797856488e-14
40,5,0.8,2,0.00159197137303883,2.21767217383693e-12
40,5,0.8,3,0.053667515799418,7.47607390704131e-11
40,5,0.8,4,1.03788959596038,1.44581674988451e-09
40,5,0.8,5,13.4566521340462,1.87455902135432e-08
40,5,0.8,6,127.57497087195,1.77716426169606e-07
40,5,0.8,7,934.256700415248,1.30145247761378e-06
40,5,0.8,8,5486.74059657299,7.64322283186218e-06
40,5,0.8,9,26547.3778207825,3.69814320022004e-05
40,5,0.8,10,107977.956486879,0.000150417095146401
40,5,0.8,11,374945.918971374,0.000522312866474046
40,5,0.8,12,1125069.13743506,0.00156726092063441
40,5,0.8,13,2945384.62786997,0.00410302448969662
40,5,0.8,14,6779591.28439092,0.00944420935954506
40,5,0.8,15,13805668.7273675,0.0192317826164496
40,5,0.8,16,24995967.2113817,0.0348202624002018
40,5,0.8,17,40398925.438355,0.0562771255280403
40,5,0.8,18,58467458.5006479,0.0814472282528223
40,5,0.8,19,75951492.9083874,0.105803103772391
40,5,0.8,20,88711346.8484887,0.123578029568432
40,5,0.8,21,93265012.4711773,0.129921446109345
40,5,0.8,22,88303470.9673273,0.123009844105207
40,5,0.8,23,75288983.1570088,0.104880204362634
40,5,0.8,24,57770389.5234227,0.0804761866246763
40,5,0.8,25,39844204.6114093,0.0555043798851227
40,5,0.8,26,24654596.1684072,0.034344720518118
40,5,0.8,27,13651536.7691323,0.0190170713718468
40,5,0.8,28,6741272.57677896,0.0093908300506909
40,5,0.8,29,2955907.83026457,0.00411768368114025
40,5,0.8,30,1144563.78137607,0.0015944176460247
40,5,0.8,31,388666.417144991,0.000541426003510379
40,5,0.8,32,114732.8567409,0.000159826909031302
40,5,0.8,33,29113.2624907413,4.05557996888382e-05
40,5,0.8,34,6257.873726204,8.71743843200964e-06
40,5,0.8,35,1117.35281030131,1.55651180525547e-06
40,5,0.8,36,161.275719338041,2.24662755341383e-07
40,5,0.8,37,18.0813483295421,2.51879548432686e-08
40,5,0.8,38,1.47747745824097,2.05817811934512e-09
40,5,0.8,39,0.0782779276952814,1.09043909341208e-10
40,5,0.8,40,0.00201827705311195,2.81153099583456e-12
