"data_idx","eta","rho_type","result_file","status","error_message"
1,"CSDA","None","chains/results_parallel_2/SS2_None_eta_CSDA_Nsim_1_niter80000_n200.rds","success",NA
1,"0","rho0_1","chains/results_parallel_2/SS2_rho0_1_eta_0_Nsim_1_niter80000_n200.rds","success",NA
1,"0.5","rho0_1","chains/results_parallel_2/SS2_rho0_1_eta_0.5_Nsim_1_niter80000_n200.rds","success",NA
1,"0.5","rho0_shift","chains/results_parallel_2/SS2_rho0_shift_eta_0.5_Nsim_1_niter80000_n200.rds","success",NA
1,"0.5","rho0_SM","chains/results_parallel_2/SS2_rho0_SM_eta_0.5_Nsim_1_niter80000_n200.rds","success",NA
1,"0.75","rho0_1","chains/results_parallel_2/SS2_rho0_1_eta_0.75_Nsim_1_niter80000_n200.rds","success",NA
1,"0.75","rho0_shift","chains/results_parallel_2/SS2_rho0_shift_eta_0.75_Nsim_1_niter80000_n200.rds","success",NA
1,"0.75","rho0_SM","chains/results_parallel_2/SS2_rho0_SM_eta_0.75_Nsim_1_niter80000_n200.rds","success",NA
1,"0.9","rho0_1","chains/results_parallel_2/SS2_rho0_1_eta_0.9_Nsim_1_niter80000_n200.rds","success",NA
1,"0.9","rho0_shift","chains/results_parallel_2/SS2_rho0_shift_eta_0.9_Nsim_1_niter80000_n200.rds","success",NA
1,"0.9","rho0_SM","chains/results_parallel_2/SS2_rho0_SM_eta_0.9_Nsim_1_niter80000_n200.rds","success",NA
2,"CSDA","None","chains/results_parallel_2/SS2_None_eta_CSDA_Nsim_2_niter80000_n200.rds","success",NA
2,"0","rho0_1","chains/results_parallel_2/SS2_rho0_1_eta_0_Nsim_2_niter80000_n200.rds","success",NA
2,"0.5","rho0_1","chains/results_parallel_2/SS2_rho0_1_eta_0.5_Nsim_2_niter80000_n200.rds","success",NA
2,"0.5","rho0_shift","chains/results_parallel_2/SS2_rho0_shift_eta_0.5_Nsim_2_niter80000_n200.rds","success",NA
2,"0.5","rho0_SM","chains/results_parallel_2/SS2_rho0_SM_eta_0.5_Nsim_2_niter80000_n200.rds","success",NA
2,"0.75","rho0_1","chains/results_parallel_2/SS2_rho0_1_eta_0.75_Nsim_2_niter80000_n200.rds","success",NA
2,"0.75","rho0_shift","chains/results_parallel_2/SS2_rho0_shift_eta_0.75_Nsim_2_niter80000_n200.rds","success",NA
2,"0.75","rho0_SM","chains/results_parallel_2/SS2_rho0_SM_eta_0.75_Nsim_2_niter80000_n200.rds","success",NA
2,"0.9","rho0_1","chains/results_parallel_2/SS2_rho0_1_eta_0.9_Nsim_2_niter80000_n200.rds","success",NA
2,"0.9","rho0_shift","chains/results_parallel_2/SS2_rho0_shift_eta_0.9_Nsim_2_niter80000_n200.rds","success",NA
2,"0.9","rho0_SM","chains/results_parallel_2/SS2_rho0_SM_eta_0.9_Nsim_2_niter80000_n200.rds","success",NA
3,"CSDA","None","chains/results_parallel_2/SS2_None_eta_CSDA_Nsim_3_niter80000_n200.rds","success",NA
3,"0","rho0_1","chains/results_parallel_2/SS2_rho0_1_eta_0_Nsim_3_niter80000_n200.rds","success",NA
3,"0.5","rho0_1","chains/results_parallel_2/SS2_rho0_1_eta_0.5_Nsim_3_niter80000_n200.rds","success",NA
3,"0.5","rho0_shift","chains/results_parallel_2/SS2_rho0_shift_eta_0.5_Nsim_3_niter80000_n200.rds","success",NA
3,"0.5","rho0_SM","chains/results_parallel_2/SS2_rho0_SM_eta_0.5_Nsim_3_niter80000_n200.rds","success",NA
3,"0.75","rho0_1","chains/results_parallel_2/SS2_rho0_1_eta_0.75_Nsim_3_niter80000_n200.rds","success",NA
3,"0.75","rho0_shift","chains/results_parallel_2/SS2_rho0_shift_eta_0.75_Nsim_3_niter80000_n200.rds","success",NA
3,"0.75","rho0_SM","chains/results_parallel_2/SS2_rho0_SM_eta_0.75_Nsim_3_niter80000_n200.rds","success",NA
3,"0.9","rho0_1","chains/results_parallel_2/SS2_rho0_1_eta_0.9_Nsim_3_niter80000_n200.rds","success",NA
3,"0.9","rho0_shift","chains/results_parallel_2/SS2_rho0_shift_eta_0.9_Nsim_3_niter80000_n200.rds","success",NA
3,"0.9","rho0_SM","chains/results_parallel_2/SS2_rho0_SM_eta_0.9_Nsim_3_niter80000_n200.rds","success",NA
4,"CSDA","None","chains/results_parallel_2/SS2_None_eta_CSDA_Nsim_4_niter80000_n200.rds","success",NA
4,"0","rho0_1","chains/results_parallel_2/SS2_rho0_1_eta_0_Nsim_4_niter80000_n200.rds","success",NA
4,"0.5","rho0_1","chains/results_parallel_2/SS2_rho0_1_eta_0.5_Nsim_4_niter80000_n200.rds","success",NA
4,"0.5","rho0_shift","chains/results_parallel_2/SS2_rho0_shift_eta_0.5_Nsim_4_niter80000_n200.rds","success",NA
4,"0.5","rho0_SM","chains/results_parallel_2/SS2_rho0_SM_eta_0.5_Nsim_4_niter80000_n200.rds","success",NA
4,"0.75","rho0_1","chains/results_parallel_2/SS2_rho0_1_eta_0.75_Nsim_4_niter80000_n200.rds","success",NA
4,"0.75","rho0_shift","chains/results_parallel_2/SS2_rho0_shift_eta_0.75_Nsim_4_niter80000_n200.rds","success",NA
4,"0.75","rho0_SM","chains/results_parallel_2/SS2_rho0_SM_eta_0.75_Nsim_4_niter80000_n200.rds","success",NA
4,"0.9","rho0_1","chains/results_parallel_2/SS2_rho0_1_eta_0.9_Nsim_4_niter80000_n200.rds","success",NA
4,"0.9","rho0_shift","chains/results_parallel_2/SS2_rho0_shift_eta_0.9_Nsim_4_niter80000_n200.rds","success",NA
4,"0.9","rho0_SM","chains/results_parallel_2/SS2_rho0_SM_eta_0.9_Nsim_4_niter80000_n200.rds","success",NA
5,"CSDA","None","chains/results_parallel_2/SS2_None_eta_CSDA_Nsim_5_niter80000_n200.rds","success",NA
5,"0","rho0_1","chains/results_parallel_2/SS2_rho0_1_eta_0_Nsim_5_niter80000_n200.rds","success",NA
5,"0.5","rho0_1","chains/results_parallel_2/SS2_rho0_1_eta_0.5_Nsim_5_niter80000_n200.rds","success",NA
5,"0.5","rho0_shift","chains/results_parallel_2/SS2_rho0_shift_eta_0.5_Nsim_5_niter80000_n200.rds","success",NA
5,"0.5","rho0_SM","chains/results_parallel_2/SS2_rho0_SM_eta_0.5_Nsim_5_niter80000_n200.rds","success",NA
5,"0.75","rho0_1","chains/results_parallel_2/SS2_rho0_1_eta_0.75_Nsim_5_niter80000_n200.rds","success",NA
5,"0.75","rho0_shift","chains/results_parallel_2/SS2_rho0_shift_eta_0.75_Nsim_5_niter80000_n200.rds","success",NA
5,"0.75","rho0_SM","chains/results_parallel_2/SS2_rho0_SM_eta_0.75_Nsim_5_niter80000_n200.rds","success",NA
5,"0.9","rho0_1","chains/results_parallel_2/SS2_rho0_1_eta_0.9_Nsim_5_niter80000_n200.rds","success",NA
5,"0.9","rho0_shift","chains/results_parallel_2/SS2_rho0_shift_eta_0.9_Nsim_5_niter80000_n200.rds","success",NA
5,"0.9","rho0_SM","chains/results_parallel_2/SS2_rho0_SM_eta_0.9_Nsim_5_niter80000_n200.rds","success",NA
6,"CSDA","None","chains/results_parallel_2/SS2_None_eta_CSDA_Nsim_6_niter80000_n200.rds","success",NA
6,"0","rho0_1","chains/results_parallel_2/SS2_rho0_1_eta_0_Nsim_6_niter80000_n200.rds","success",NA
6,"0.5","rho0_1","chains/results_parallel_2/SS2_rho0_1_eta_0.5_Nsim_6_niter80000_n200.rds","success",NA
6,"0.5","rho0_shift","chains/results_parallel_2/SS2_rho0_shift_eta_0.5_Nsim_6_niter80000_n200.rds","success",NA
6,"0.5","rho0_SM","chains/results_parallel_2/SS2_rho0_SM_eta_0.5_Nsim_6_niter80000_n200.rds","success",NA
6,"0.75","rho0_1","chains/results_parallel_2/SS2_rho0_1_eta_0.75_Nsim_6_niter80000_n200.rds","success",NA
6,"0.75","rho0_shift","chains/results_parallel_2/SS2_rho0_shift_eta_0.75_Nsim_6_niter80000_n200.rds","success",NA
6,"0.75","rho0_SM","chains/results_parallel_2/SS2_rho0_SM_eta_0.75_Nsim_6_niter80000_n200.rds","success",NA
6,"0.9","rho0_1","chains/results_parallel_2/SS2_rho0_1_eta_0.9_Nsim_6_niter80000_n200.rds","success",NA
6,"0.9","rho0_shift","chains/results_parallel_2/SS2_rho0_shift_eta_0.9_Nsim_6_niter80000_n200.rds","success",NA
6,"0.9","rho0_SM","chains/results_parallel_2/SS2_rho0_SM_eta_0.9_Nsim_6_niter80000_n200.rds","success",NA
7,"CSDA","None","chains/results_parallel_2/SS2_None_eta_CSDA_Nsim_7_niter80000_n200.rds","success",NA
7,"0","rho0_1","chains/results_parallel_2/SS2_rho0_1_eta_0_Nsim_7_niter80000_n200.rds","success",NA
7,"0.5","rho0_1","chains/results_parallel_2/SS2_rho0_1_eta_0.5_Nsim_7_niter80000_n200.rds","success",NA
7,"0.5","rho0_shift","chains/results_parallel_2/SS2_rho0_shift_eta_0.5_Nsim_7_niter80000_n200.rds","success",NA
7,"0.5","rho0_SM","chains/results_parallel_2/SS2_rho0_SM_eta_0.5_Nsim_7_niter80000_n200.rds","success",NA
7,"0.75","rho0_1","chains/results_parallel_2/SS2_rho0_1_eta_0.75_Nsim_7_niter80000_n200.rds","success",NA
7,"0.75","rho0_shift","chains/results_parallel_2/SS2_rho0_shift_eta_0.75_Nsim_7_niter80000_n200.rds","success",NA
7,"0.75","rho0_SM","chains/results_parallel_2/SS2_rho0_SM_eta_0.75_Nsim_7_niter80000_n200.rds","success",NA
7,"0.9","rho0_1","chains/results_parallel_2/SS2_rho0_1_eta_0.9_Nsim_7_niter80000_n200.rds","success",NA
7,"0.9","rho0_shift","chains/results_parallel_2/SS2_rho0_shift_eta_0.9_Nsim_7_niter80000_n200.rds","success",NA
7,"0.9","rho0_SM","chains/results_parallel_2/SS2_rho0_SM_eta_0.9_Nsim_7_niter80000_n200.rds","success",NA
8,"CSDA","None","chains/results_parallel_2/SS2_None_eta_CSDA_Nsim_8_niter80000_n200.rds","success",NA
8,"0","rho0_1","chains/results_parallel_2/SS2_rho0_1_eta_0_Nsim_8_niter80000_n200.rds","success",NA
8,"0.5","rho0_1","chains/results_parallel_2/SS2_rho0_1_eta_0.5_Nsim_8_niter80000_n200.rds","success",NA
8,"0.5","rho0_shift","chains/results_parallel_2/SS2_rho0_shift_eta_0.5_Nsim_8_niter80000_n200.rds","success",NA
8,"0.5","rho0_SM","chains/results_parallel_2/SS2_rho0_SM_eta_0.5_Nsim_8_niter80000_n200.rds","success",NA
8,"0.75","rho0_1","chains/results_parallel_2/SS2_rho0_1_eta_0.75_Nsim_8_niter80000_n200.rds","success",NA
8,"0.75","rho0_shift","chains/results_parallel_2/SS2_rho0_shift_eta_0.75_Nsim_8_niter80000_n200.rds","success",NA
8,"0.75","rho0_SM","chains/results_parallel_2/SS2_rho0_SM_eta_0.75_Nsim_8_niter80000_n200.rds","success",NA
8,"0.9","rho0_1","chains/results_parallel_2/SS2_rho0_1_eta_0.9_Nsim_8_niter80000_n200.rds","success",NA
8,"0.9","rho0_shift","chains/results_parallel_2/SS2_rho0_shift_eta_0.9_Nsim_8_niter80000_n200.rds","success",NA
8,"0.9","rho0_SM","chains/results_parallel_2/SS2_rho0_SM_eta_0.9_Nsim_8_niter80000_n200.rds","success",NA
9,"CSDA","None","chains/results_parallel_2/SS2_None_eta_CSDA_Nsim_9_niter80000_n200.rds","success",NA
9,"0","rho0_1","chains/results_parallel_2/SS2_rho0_1_eta_0_Nsim_9_niter80000_n200.rds","success",NA
9,"0.5","rho0_1","chains/results_parallel_2/SS2_rho0_1_eta_0.5_Nsim_9_niter80000_n200.rds","success",NA
9,"0.5","rho0_shift","chains/results_parallel_2/SS2_rho0_shift_eta_0.5_Nsim_9_niter80000_n200.rds","success",NA
9,"0.5","rho0_SM","chains/results_parallel_2/SS2_rho0_SM_eta_0.5_Nsim_9_niter80000_n200.rds","success",NA
9,"0.75","rho0_1","chains/results_parallel_2/SS2_rho0_1_eta_0.75_Nsim_9_niter80000_n200.rds","success",NA
9,"0.75","rho0_shift","chains/results_parallel_2/SS2_rho0_shift_eta_0.75_Nsim_9_niter80000_n200.rds","success",NA
9,"0.75","rho0_SM","chains/results_parallel_2/SS2_rho0_SM_eta_0.75_Nsim_9_niter80000_n200.rds","success",NA
9,"0.9","rho0_1","chains/results_parallel_2/SS2_rho0_1_eta_0.9_Nsim_9_niter80000_n200.rds","success",NA
9,"0.9","rho0_shift","chains/results_parallel_2/SS2_rho0_shift_eta_0.9_Nsim_9_niter80000_n200.rds","success",NA
9,"0.9","rho0_SM","chains/results_parallel_2/SS2_rho0_SM_eta_0.9_Nsim_9_niter80000_n200.rds","success",NA
10,"CSDA","None","chains/results_parallel_2/SS2_None_eta_CSDA_Nsim_10_niter80000_n200.rds","success",NA
10,"0","rho0_1","chains/results_parallel_2/SS2_rho0_1_eta_0_Nsim_10_niter80000_n200.rds","success",NA
10,"0.5","rho0_1","chains/results_parallel_2/SS2_rho0_1_eta_0.5_Nsim_10_niter80000_n200.rds","success",NA
10,"0.5","rho0_shift","chains/results_parallel_2/SS2_rho0_shift_eta_0.5_Nsim_10_niter80000_n200.rds","success",NA
10,"0.5","rho0_SM","chains/results_parallel_2/SS2_rho0_SM_eta_0.5_Nsim_10_niter80000_n200.rds","success",NA
10,"0.75","rho0_1","chains/results_parallel_2/SS2_rho0_1_eta_0.75_Nsim_10_niter80000_n200.rds","success",NA
10,"0.75","rho0_shift","chains/results_parallel_2/SS2_rho0_shift_eta_0.75_Nsim_10_niter80000_n200.rds","success",NA
10,"0.75","rho0_SM","chains/results_parallel_2/SS2_rho0_SM_eta_0.75_Nsim_10_niter80000_n200.rds","success",NA
10,"0.9","rho0_1","chains/results_parallel_2/SS2_rho0_1_eta_0.9_Nsim_10_niter80000_n200.rds","success",NA
10,"0.9","rho0_shift","chains/results_parallel_2/SS2_rho0_shift_eta_0.9_Nsim_10_niter80000_n200.rds","success",NA
10,"0.9","rho0_SM","chains/results_parallel_2/SS2_rho0_SM_eta_0.9_Nsim_10_niter80000_n200.rds","success",NA
11,"CSDA","None","chains/results_parallel_2/SS2_None_eta_CSDA_Nsim_11_niter80000_n200.rds","success",NA
11,"0","rho0_1","chains/results_parallel_2/SS2_rho0_1_eta_0_Nsim_11_niter80000_n200.rds","success",NA
11,"0.5","rho0_1","chains/results_parallel_2/SS2_rho0_1_eta_0.5_Nsim_11_niter80000_n200.rds","success",NA
11,"0.5","rho0_shift","chains/results_parallel_2/SS2_rho0_shift_eta_0.5_Nsim_11_niter80000_n200.rds","success",NA
11,"0.5","rho0_SM","chains/results_parallel_2/SS2_rho0_SM_eta_0.5_Nsim_11_niter80000_n200.rds","success",NA
11,"0.75","rho0_1","chains/results_parallel_2/SS2_rho0_1_eta_0.75_Nsim_11_niter80000_n200.rds","success",NA
11,"0.75","rho0_shift","chains/results_parallel_2/SS2_rho0_shift_eta_0.75_Nsim_11_niter80000_n200.rds","success",NA
11,"0.75","rho0_SM","chains/results_parallel_2/SS2_rho0_SM_eta_0.75_Nsim_11_niter80000_n200.rds","success",NA
11,"0.9","rho0_1","chains/results_parallel_2/SS2_rho0_1_eta_0.9_Nsim_11_niter80000_n200.rds","success",NA
11,"0.9","rho0_shift","chains/results_parallel_2/SS2_rho0_shift_eta_0.9_Nsim_11_niter80000_n200.rds","success",NA
11,"0.9","rho0_SM","chains/results_parallel_2/SS2_rho0_SM_eta_0.9_Nsim_11_niter80000_n200.rds","success",NA
12,"CSDA","None","chains/results_parallel_2/SS2_None_eta_CSDA_Nsim_12_niter80000_n200.rds","success",NA
12,"0","rho0_1","chains/results_parallel_2/SS2_rho0_1_eta_0_Nsim_12_niter80000_n200.rds","success",NA
12,"0.5","rho0_1","chains/results_parallel_2/SS2_rho0_1_eta_0.5_Nsim_12_niter80000_n200.rds","success",NA
12,"0.5","rho0_shift","chains/results_parallel_2/SS2_rho0_shift_eta_0.5_Nsim_12_niter80000_n200.rds","success",NA
12,"0.5","rho0_SM","chains/results_parallel_2/SS2_rho0_SM_eta_0.5_Nsim_12_niter80000_n200.rds","success",NA
12,"0.75","rho0_1","chains/results_parallel_2/SS2_rho0_1_eta_0.75_Nsim_12_niter80000_n200.rds","success",NA
12,"0.75","rho0_shift","chains/results_parallel_2/SS2_rho0_shift_eta_0.75_Nsim_12_niter80000_n200.rds","success",NA
12,"0.75","rho0_SM","chains/results_parallel_2/SS2_rho0_SM_eta_0.75_Nsim_12_niter80000_n200.rds","success",NA
12,"0.9","rho0_1","chains/results_parallel_2/SS2_rho0_1_eta_0.9_Nsim_12_niter80000_n200.rds","success",NA
12,"0.9","rho0_shift","chains/results_parallel_2/SS2_rho0_shift_eta_0.9_Nsim_12_niter80000_n200.rds","success",NA
12,"0.9","rho0_SM","chains/results_parallel_2/SS2_rho0_SM_eta_0.9_Nsim_12_niter80000_n200.rds","success",NA
13,"CSDA","None","chains/results_parallel_2/SS2_None_eta_CSDA_Nsim_13_niter80000_n200.rds","success",NA
13,"0","rho0_1","chains/results_parallel_2/SS2_rho0_1_eta_0_Nsim_13_niter80000_n200.rds","success",NA
13,"0.5","rho0_1","chains/results_parallel_2/SS2_rho0_1_eta_0.5_Nsim_13_niter80000_n200.rds","success",NA
13,"0.5","rho0_shift","chains/results_parallel_2/SS2_rho0_shift_eta_0.5_Nsim_13_niter80000_n200.rds","success",NA
13,"0.5","rho0_SM","chains/results_parallel_2/SS2_rho0_SM_eta_0.5_Nsim_13_niter80000_n200.rds","success",NA
13,"0.75","rho0_1","chains/results_parallel_2/SS2_rho0_1_eta_0.75_Nsim_13_niter80000_n200.rds","success",NA
13,"0.75","rho0_shift","chains/results_parallel_2/SS2_rho0_shift_eta_0.75_Nsim_13_niter80000_n200.rds","success",NA
13,"0.75","rho0_SM","chains/results_parallel_2/SS2_rho0_SM_eta_0.75_Nsim_13_niter80000_n200.rds","success",NA
13,"0.9","rho0_1","chains/results_parallel_2/SS2_rho0_1_eta_0.9_Nsim_13_niter80000_n200.rds","success",NA
13,"0.9","rho0_shift","chains/results_parallel_2/SS2_rho0_shift_eta_0.9_Nsim_13_niter80000_n200.rds","success",NA
13,"0.9","rho0_SM","chains/results_parallel_2/SS2_rho0_SM_eta_0.9_Nsim_13_niter80000_n200.rds","success",NA
14,"CSDA","None","chains/results_parallel_2/SS2_None_eta_CSDA_Nsim_14_niter80000_n200.rds","success",NA
14,"0","rho0_1","chains/results_parallel_2/SS2_rho0_1_eta_0_Nsim_14_niter80000_n200.rds","success",NA
14,"0.5","rho0_1","chains/results_parallel_2/SS2_rho0_1_eta_0.5_Nsim_14_niter80000_n200.rds","success",NA
14,"0.5","rho0_shift","chains/results_parallel_2/SS2_rho0_shift_eta_0.5_Nsim_14_niter80000_n200.rds","success",NA
14,"0.5","rho0_SM","chains/results_parallel_2/SS2_rho0_SM_eta_0.5_Nsim_14_niter80000_n200.rds","success",NA
14,"0.75","rho0_1","chains/results_parallel_2/SS2_rho0_1_eta_0.75_Nsim_14_niter80000_n200.rds","success",NA
14,"0.75","rho0_shift","chains/results_parallel_2/SS2_rho0_shift_eta_0.75_Nsim_14_niter80000_n200.rds","success",NA
14,"0.75","rho0_SM","chains/results_parallel_2/SS2_rho0_SM_eta_0.75_Nsim_14_niter80000_n200.rds","success",NA
14,"0.9","rho0_1","chains/results_parallel_2/SS2_rho0_1_eta_0.9_Nsim_14_niter80000_n200.rds","success",NA
14,"0.9","rho0_shift","chains/results_parallel_2/SS2_rho0_shift_eta_0.9_Nsim_14_niter80000_n200.rds","success",NA
14,"0.9","rho0_SM","chains/results_parallel_2/SS2_rho0_SM_eta_0.9_Nsim_14_niter80000_n200.rds","success",NA
15,"CSDA","None","chains/results_parallel_2/SS2_None_eta_CSDA_Nsim_15_niter80000_n200.rds","success",NA
15,"0","rho0_1","chains/results_parallel_2/SS2_rho0_1_eta_0_Nsim_15_niter80000_n200.rds","success",NA
15,"0.5","rho0_1","chains/results_parallel_2/SS2_rho0_1_eta_0.5_Nsim_15_niter80000_n200.rds","success",NA
15,"0.5","rho0_shift","chains/results_parallel_2/SS2_rho0_shift_eta_0.5_Nsim_15_niter80000_n200.rds","success",NA
15,"0.5","rho0_SM","chains/results_parallel_2/SS2_rho0_SM_eta_0.5_Nsim_15_niter80000_n200.rds","success",NA
15,"0.75","rho0_1","chains/results_parallel_2/SS2_rho0_1_eta_0.75_Nsim_15_niter80000_n200.rds","success",NA
15,"0.75","rho0_shift","chains/results_parallel_2/SS2_rho0_shift_eta_0.75_Nsim_15_niter80000_n200.rds","success",NA
15,"0.75","rho0_SM","chains/results_parallel_2/SS2_rho0_SM_eta_0.75_Nsim_15_niter80000_n200.rds","success",NA
15,"0.9","rho0_1","chains/results_parallel_2/SS2_rho0_1_eta_0.9_Nsim_15_niter80000_n200.rds","success",NA
15,"0.9","rho0_shift","chains/results_parallel_2/SS2_rho0_shift_eta_0.9_Nsim_15_niter80000_n200.rds","success",NA
15,"0.9","rho0_SM","chains/results_parallel_2/SS2_rho0_SM_eta_0.9_Nsim_15_niter80000_n200.rds","success",NA
16,"CSDA","None","chains/results_parallel_2/SS2_None_eta_CSDA_Nsim_16_niter80000_n200.rds","success",NA
16,"0","rho0_1","chains/results_parallel_2/SS2_rho0_1_eta_0_Nsim_16_niter80000_n200.rds","success",NA
16,"0.5","rho0_1","chains/results_parallel_2/SS2_rho0_1_eta_0.5_Nsim_16_niter80000_n200.rds","success",NA
16,"0.5","rho0_shift","chains/results_parallel_2/SS2_rho0_shift_eta_0.5_Nsim_16_niter80000_n200.rds","success",NA
16,"0.5","rho0_SM","chains/results_parallel_2/SS2_rho0_SM_eta_0.5_Nsim_16_niter80000_n200.rds","success",NA
16,"0.75","rho0_1","chains/results_parallel_2/SS2_rho0_1_eta_0.75_Nsim_16_niter80000_n200.rds","success",NA
16,"0.75","rho0_shift","chains/results_parallel_2/SS2_rho0_shift_eta_0.75_Nsim_16_niter80000_n200.rds","success",NA
16,"0.75","rho0_SM","chains/results_parallel_2/SS2_rho0_SM_eta_0.75_Nsim_16_niter80000_n200.rds","success",NA
16,"0.9","rho0_1","chains/results_parallel_2/SS2_rho0_1_eta_0.9_Nsim_16_niter80000_n200.rds","success",NA
16,"0.9","rho0_shift","chains/results_parallel_2/SS2_rho0_shift_eta_0.9_Nsim_16_niter80000_n200.rds","success",NA
16,"0.9","rho0_SM","chains/results_parallel_2/SS2_rho0_SM_eta_0.9_Nsim_16_niter80000_n200.rds","success",NA
17,"CSDA","None","chains/results_parallel_2/SS2_None_eta_CSDA_Nsim_17_niter80000_n200.rds","success",NA
17,"0","rho0_1","chains/results_parallel_2/SS2_rho0_1_eta_0_Nsim_17_niter80000_n200.rds","success",NA
17,"0.5","rho0_1","chains/results_parallel_2/SS2_rho0_1_eta_0.5_Nsim_17_niter80000_n200.rds","success",NA
17,"0.5","rho0_shift","chains/results_parallel_2/SS2_rho0_shift_eta_0.5_Nsim_17_niter80000_n200.rds","success",NA
17,"0.5","rho0_SM","chains/results_parallel_2/SS2_rho0_SM_eta_0.5_Nsim_17_niter80000_n200.rds","success",NA
17,"0.75","rho0_1","chains/results_parallel_2/SS2_rho0_1_eta_0.75_Nsim_17_niter80000_n200.rds","success",NA
17,"0.75","rho0_shift","chains/results_parallel_2/SS2_rho0_shift_eta_0.75_Nsim_17_niter80000_n200.rds","success",NA
17,"0.75","rho0_SM","chains/results_parallel_2/SS2_rho0_SM_eta_0.75_Nsim_17_niter80000_n200.rds","success",NA
17,"0.9","rho0_1","chains/results_parallel_2/SS2_rho0_1_eta_0.9_Nsim_17_niter80000_n200.rds","success",NA
17,"0.9","rho0_shift","chains/results_parallel_2/SS2_rho0_shift_eta_0.9_Nsim_17_niter80000_n200.rds","success",NA
17,"0.9","rho0_SM","chains/results_parallel_2/SS2_rho0_SM_eta_0.9_Nsim_17_niter80000_n200.rds","success",NA
18,"CSDA","None","chains/results_parallel_2/SS2_None_eta_CSDA_Nsim_18_niter80000_n200.rds","success",NA
18,"0","rho0_1","chains/results_parallel_2/SS2_rho0_1_eta_0_Nsim_18_niter80000_n200.rds","success",NA
18,"0.5","rho0_1","chains/results_parallel_2/SS2_rho0_1_eta_0.5_Nsim_18_niter80000_n200.rds","success",NA
18,"0.5","rho0_shift","chains/results_parallel_2/SS2_rho0_shift_eta_0.5_Nsim_18_niter80000_n200.rds","success",NA
18,"0.5","rho0_SM","chains/results_parallel_2/SS2_rho0_SM_eta_0.5_Nsim_18_niter80000_n200.rds","success",NA
18,"0.75","rho0_1","chains/results_parallel_2/SS2_rho0_1_eta_0.75_Nsim_18_niter80000_n200.rds","success",NA
18,"0.75","rho0_shift","chains/results_parallel_2/SS2_rho0_shift_eta_0.75_Nsim_18_niter80000_n200.rds","success",NA
18,"0.75","rho0_SM","chains/results_parallel_2/SS2_rho0_SM_eta_0.75_Nsim_18_niter80000_n200.rds","success",NA
18,"0.9","rho0_1","chains/results_parallel_2/SS2_rho0_1_eta_0.9_Nsim_18_niter80000_n200.rds","success",NA
18,"0.9","rho0_shift","chains/results_parallel_2/SS2_rho0_shift_eta_0.9_Nsim_18_niter80000_n200.rds","success",NA
18,"0.9","rho0_SM","chains/results_parallel_2/SS2_rho0_SM_eta_0.9_Nsim_18_niter80000_n200.rds","success",NA
19,"CSDA","None","chains/results_parallel_2/SS2_None_eta_CSDA_Nsim_19_niter80000_n200.rds","success",NA
19,"0","rho0_1","chains/results_parallel_2/SS2_rho0_1_eta_0_Nsim_19_niter80000_n200.rds","success",NA
19,"0.5","rho0_1","chains/results_parallel_2/SS2_rho0_1_eta_0.5_Nsim_19_niter80000_n200.rds","success",NA
19,"0.5","rho0_shift","chains/results_parallel_2/SS2_rho0_shift_eta_0.5_Nsim_19_niter80000_n200.rds","success",NA
19,"0.5","rho0_SM","chains/results_parallel_2/SS2_rho0_SM_eta_0.5_Nsim_19_niter80000_n200.rds","success",NA
19,"0.75","rho0_1","chains/results_parallel_2/SS2_rho0_1_eta_0.75_Nsim_19_niter80000_n200.rds","success",NA
19,"0.75","rho0_shift","chains/results_parallel_2/SS2_rho0_shift_eta_0.75_Nsim_19_niter80000_n200.rds","success",NA
19,"0.75","rho0_SM","chains/results_parallel_2/SS2_rho0_SM_eta_0.75_Nsim_19_niter80000_n200.rds","success",NA
19,"0.9","rho0_1","chains/results_parallel_2/SS2_rho0_1_eta_0.9_Nsim_19_niter80000_n200.rds","success",NA
19,"0.9","rho0_shift","chains/results_parallel_2/SS2_rho0_shift_eta_0.9_Nsim_19_niter80000_n200.rds","success",NA
19,"0.9","rho0_SM","chains/results_parallel_2/SS2_rho0_SM_eta_0.9_Nsim_19_niter80000_n200.rds","success",NA
20,"CSDA","None","chains/results_parallel_2/SS2_None_eta_CSDA_Nsim_20_niter80000_n200.rds","success",NA
20,"0","rho0_1","chains/results_parallel_2/SS2_rho0_1_eta_0_Nsim_20_niter80000_n200.rds","success",NA
20,"0.5","rho0_1","chains/results_parallel_2/SS2_rho0_1_eta_0.5_Nsim_20_niter80000_n200.rds","success",NA
20,"0.5","rho0_shift","chains/results_parallel_2/SS2_rho0_shift_eta_0.5_Nsim_20_niter80000_n200.rds","success",NA
20,"0.5","rho0_SM","chains/results_parallel_2/SS2_rho0_SM_eta_0.5_Nsim_20_niter80000_n200.rds","success",NA
20,"0.75","rho0_1","chains/results_parallel_2/SS2_rho0_1_eta_0.75_Nsim_20_niter80000_n200.rds","success",NA
20,"0.75","rho0_shift","chains/results_parallel_2/SS2_rho0_shift_eta_0.75_Nsim_20_niter80000_n200.rds","success",NA
20,"0.75","rho0_SM","chains/results_parallel_2/SS2_rho0_SM_eta_0.75_Nsim_20_niter80000_n200.rds","success",NA
20,"0.9","rho0_1","chains/results_parallel_2/SS2_rho0_1_eta_0.9_Nsim_20_niter80000_n200.rds","success",NA
20,"0.9","rho0_shift","chains/results_parallel_2/SS2_rho0_shift_eta_0.9_Nsim_20_niter80000_n200.rds","success",NA
20,"0.9","rho0_SM","chains/results_parallel_2/SS2_rho0_SM_eta_0.9_Nsim_20_niter80000_n200.rds","success",NA
21,"CSDA","None","chains/results_parallel_2/SS2_None_eta_CSDA_Nsim_21_niter80000_n200.rds","success",NA
21,"0","rho0_1","chains/results_parallel_2/SS2_rho0_1_eta_0_Nsim_21_niter80000_n200.rds","success",NA
21,"0.5","rho0_1","chains/results_parallel_2/SS2_rho0_1_eta_0.5_Nsim_21_niter80000_n200.rds","success",NA
21,"0.5","rho0_shift","chains/results_parallel_2/SS2_rho0_shift_eta_0.5_Nsim_21_niter80000_n200.rds","success",NA
21,"0.5","rho0_SM","chains/results_parallel_2/SS2_rho0_SM_eta_0.5_Nsim_21_niter80000_n200.rds","success",NA
21,"0.75","rho0_1","chains/results_parallel_2/SS2_rho0_1_eta_0.75_Nsim_21_niter80000_n200.rds","success",NA
21,"0.75","rho0_shift","chains/results_parallel_2/SS2_rho0_shift_eta_0.75_Nsim_21_niter80000_n200.rds","success",NA
21,"0.75","rho0_SM","chains/results_parallel_2/SS2_rho0_SM_eta_0.75_Nsim_21_niter80000_n200.rds","success",NA
21,"0.9","rho0_1","chains/results_parallel_2/SS2_rho0_1_eta_0.9_Nsim_21_niter80000_n200.rds","success",NA
21,"0.9","rho0_shift","chains/results_parallel_2/SS2_rho0_shift_eta_0.9_Nsim_21_niter80000_n200.rds","success",NA
21,"0.9","rho0_SM","chains/results_parallel_2/SS2_rho0_SM_eta_0.9_Nsim_21_niter80000_n200.rds","success",NA
22,"CSDA","None","chains/results_parallel_2/SS2_None_eta_CSDA_Nsim_22_niter80000_n200.rds","success",NA
22,"0","rho0_1","chains/results_parallel_2/SS2_rho0_1_eta_0_Nsim_22_niter80000_n200.rds","success",NA
22,"0.5","rho0_1","chains/results_parallel_2/SS2_rho0_1_eta_0.5_Nsim_22_niter80000_n200.rds","success",NA
22,"0.5","rho0_shift","chains/results_parallel_2/SS2_rho0_shift_eta_0.5_Nsim_22_niter80000_n200.rds","success",NA
22,"0.5","rho0_SM","chains/results_parallel_2/SS2_rho0_SM_eta_0.5_Nsim_22_niter80000_n200.rds","success",NA
22,"0.75","rho0_1","chains/results_parallel_2/SS2_rho0_1_eta_0.75_Nsim_22_niter80000_n200.rds","success",NA
22,"0.75","rho0_shift","chains/results_parallel_2/SS2_rho0_shift_eta_0.75_Nsim_22_niter80000_n200.rds","success",NA
22,"0.75","rho0_SM","chains/results_parallel_2/SS2_rho0_SM_eta_0.75_Nsim_22_niter80000_n200.rds","success",NA
22,"0.9","rho0_1","chains/results_parallel_2/SS2_rho0_1_eta_0.9_Nsim_22_niter80000_n200.rds","success",NA
22,"0.9","rho0_shift","chains/results_parallel_2/SS2_rho0_shift_eta_0.9_Nsim_22_niter80000_n200.rds","success",NA
22,"0.9","rho0_SM","chains/results_parallel_2/SS2_rho0_SM_eta_0.9_Nsim_22_niter80000_n200.rds","success",NA
23,"CSDA","None","chains/results_parallel_2/SS2_None_eta_CSDA_Nsim_23_niter80000_n200.rds","success",NA
23,"0","rho0_1","chains/results_parallel_2/SS2_rho0_1_eta_0_Nsim_23_niter80000_n200.rds","success",NA
23,"0.5","rho0_1","chains/results_parallel_2/SS2_rho0_1_eta_0.5_Nsim_23_niter80000_n200.rds","success",NA
23,"0.5","rho0_shift","chains/results_parallel_2/SS2_rho0_shift_eta_0.5_Nsim_23_niter80000_n200.rds","success",NA
23,"0.5","rho0_SM","chains/results_parallel_2/SS2_rho0_SM_eta_0.5_Nsim_23_niter80000_n200.rds","success",NA
23,"0.75","rho0_1","chains/results_parallel_2/SS2_rho0_1_eta_0.75_Nsim_23_niter80000_n200.rds","success",NA
23,"0.75","rho0_shift","chains/results_parallel_2/SS2_rho0_shift_eta_0.75_Nsim_23_niter80000_n200.rds","success",NA
23,"0.75","rho0_SM","chains/results_parallel_2/SS2_rho0_SM_eta_0.75_Nsim_23_niter80000_n200.rds","success",NA
23,"0.9","rho0_1","chains/results_parallel_2/SS2_rho0_1_eta_0.9_Nsim_23_niter80000_n200.rds","success",NA
23,"0.9","rho0_shift","chains/results_parallel_2/SS2_rho0_shift_eta_0.9_Nsim_23_niter80000_n200.rds","success",NA
23,"0.9","rho0_SM","chains/results_parallel_2/SS2_rho0_SM_eta_0.9_Nsim_23_niter80000_n200.rds","success",NA
24,"CSDA","None","chains/results_parallel_2/SS2_None_eta_CSDA_Nsim_24_niter80000_n200.rds","success",NA
24,"0","rho0_1","chains/results_parallel_2/SS2_rho0_1_eta_0_Nsim_24_niter80000_n200.rds","success",NA
24,"0.5","rho0_1","chains/results_parallel_2/SS2_rho0_1_eta_0.5_Nsim_24_niter80000_n200.rds","success",NA
24,"0.5","rho0_shift","chains/results_parallel_2/SS2_rho0_shift_eta_0.5_Nsim_24_niter80000_n200.rds","success",NA
24,"0.5","rho0_SM","chains/results_parallel_2/SS2_rho0_SM_eta_0.5_Nsim_24_niter80000_n200.rds","success",NA
24,"0.75","rho0_1","chains/results_parallel_2/SS2_rho0_1_eta_0.75_Nsim_24_niter80000_n200.rds","success",NA
24,"0.75","rho0_shift","chains/results_parallel_2/SS2_rho0_shift_eta_0.75_Nsim_24_niter80000_n200.rds","success",NA
24,"0.75","rho0_SM","chains/results_parallel_2/SS2_rho0_SM_eta_0.75_Nsim_24_niter80000_n200.rds","success",NA
24,"0.9","rho0_1","chains/results_parallel_2/SS2_rho0_1_eta_0.9_Nsim_24_niter80000_n200.rds","success",NA
24,"0.9","rho0_shift","chains/results_parallel_2/SS2_rho0_shift_eta_0.9_Nsim_24_niter80000_n200.rds","success",NA
24,"0.9","rho0_SM","chains/results_parallel_2/SS2_rho0_SM_eta_0.9_Nsim_24_niter80000_n200.rds","success",NA
25,"CSDA","None","chains/results_parallel_2/SS2_None_eta_CSDA_Nsim_25_niter80000_n200.rds","success",NA
25,"0","rho0_1","chains/results_parallel_2/SS2_rho0_1_eta_0_Nsim_25_niter80000_n200.rds","success",NA
25,"0.5","rho0_1","chains/results_parallel_2/SS2_rho0_1_eta_0.5_Nsim_25_niter80000_n200.rds","success",NA
25,"0.5","rho0_shift","chains/results_parallel_2/SS2_rho0_shift_eta_0.5_Nsim_25_niter80000_n200.rds","success",NA
25,"0.5","rho0_SM","chains/results_parallel_2/SS2_rho0_SM_eta_0.5_Nsim_25_niter80000_n200.rds","success",NA
25,"0.75","rho0_1","chains/results_parallel_2/SS2_rho0_1_eta_0.75_Nsim_25_niter80000_n200.rds","success",NA
25,"0.75","rho0_shift","chains/results_parallel_2/SS2_rho0_shift_eta_0.75_Nsim_25_niter80000_n200.rds","success",NA
25,"0.75","rho0_SM","chains/results_parallel_2/SS2_rho0_SM_eta_0.75_Nsim_25_niter80000_n200.rds","success",NA
25,"0.9","rho0_1","chains/results_parallel_2/SS2_rho0_1_eta_0.9_Nsim_25_niter80000_n200.rds","success",NA
25,"0.9","rho0_shift","chains/results_parallel_2/SS2_rho0_shift_eta_0.9_Nsim_25_niter80000_n200.rds","success",NA
25,"0.9","rho0_SM","chains/results_parallel_2/SS2_rho0_SM_eta_0.9_Nsim_25_niter80000_n200.rds","success",NA
26,"CSDA","None","chains/results_parallel_2/SS2_None_eta_CSDA_Nsim_26_niter80000_n200.rds","success",NA
26,"0","rho0_1","chains/results_parallel_2/SS2_rho0_1_eta_0_Nsim_26_niter80000_n200.rds","success",NA
26,"0.5","rho0_1","chains/results_parallel_2/SS2_rho0_1_eta_0.5_Nsim_26_niter80000_n200.rds","success",NA
26,"0.5","rho0_shift","chains/results_parallel_2/SS2_rho0_shift_eta_0.5_Nsim_26_niter80000_n200.rds","success",NA
26,"0.5","rho0_SM","chains/results_parallel_2/SS2_rho0_SM_eta_0.5_Nsim_26_niter80000_n200.rds","success",NA
26,"0.75","rho0_1","chains/results_parallel_2/SS2_rho0_1_eta_0.75_Nsim_26_niter80000_n200.rds","success",NA
26,"0.75","rho0_shift","chains/results_parallel_2/SS2_rho0_shift_eta_0.75_Nsim_26_niter80000_n200.rds","success",NA
26,"0.75","rho0_SM","chains/results_parallel_2/SS2_rho0_SM_eta_0.75_Nsim_26_niter80000_n200.rds","success",NA
26,"0.9","rho0_1","chains/results_parallel_2/SS2_rho0_1_eta_0.9_Nsim_26_niter80000_n200.rds","success",NA
26,"0.9","rho0_shift","chains/results_parallel_2/SS2_rho0_shift_eta_0.9_Nsim_26_niter80000_n200.rds","success",NA
26,"0.9","rho0_SM","chains/results_parallel_2/SS2_rho0_SM_eta_0.9_Nsim_26_niter80000_n200.rds","success",NA
27,"CSDA","None","chains/results_parallel_2/SS2_None_eta_CSDA_Nsim_27_niter80000_n200.rds","success",NA
27,"0","rho0_1","chains/results_parallel_2/SS2_rho0_1_eta_0_Nsim_27_niter80000_n200.rds","success",NA
27,"0.5","rho0_1","chains/results_parallel_2/SS2_rho0_1_eta_0.5_Nsim_27_niter80000_n200.rds","success",NA
27,"0.5","rho0_shift","chains/results_parallel_2/SS2_rho0_shift_eta_0.5_Nsim_27_niter80000_n200.rds","success",NA
27,"0.5","rho0_SM","chains/results_parallel_2/SS2_rho0_SM_eta_0.5_Nsim_27_niter80000_n200.rds","success",NA
27,"0.75","rho0_1","chains/results_parallel_2/SS2_rho0_1_eta_0.75_Nsim_27_niter80000_n200.rds","success",NA
27,"0.75","rho0_shift","chains/results_parallel_2/SS2_rho0_shift_eta_0.75_Nsim_27_niter80000_n200.rds","success",NA
27,"0.75","rho0_SM","chains/results_parallel_2/SS2_rho0_SM_eta_0.75_Nsim_27_niter80000_n200.rds","success",NA
27,"0.9","rho0_1","chains/results_parallel_2/SS2_rho0_1_eta_0.9_Nsim_27_niter80000_n200.rds","success",NA
27,"0.9","rho0_shift","chains/results_parallel_2/SS2_rho0_shift_eta_0.9_Nsim_27_niter80000_n200.rds","success",NA
27,"0.9","rho0_SM","chains/results_parallel_2/SS2_rho0_SM_eta_0.9_Nsim_27_niter80000_n200.rds","success",NA
28,"CSDA","None","chains/results_parallel_2/SS2_None_eta_CSDA_Nsim_28_niter80000_n200.rds","success",NA
28,"0","rho0_1","chains/results_parallel_2/SS2_rho0_1_eta_0_Nsim_28_niter80000_n200.rds","success",NA
28,"0.5","rho0_1","chains/results_parallel_2/SS2_rho0_1_eta_0.5_Nsim_28_niter80000_n200.rds","success",NA
28,"0.5","rho0_shift","chains/results_parallel_2/SS2_rho0_shift_eta_0.5_Nsim_28_niter80000_n200.rds","success",NA
28,"0.5","rho0_SM","chains/results_parallel_2/SS2_rho0_SM_eta_0.5_Nsim_28_niter80000_n200.rds","success",NA
28,"0.75","rho0_1","chains/results_parallel_2/SS2_rho0_1_eta_0.75_Nsim_28_niter80000_n200.rds","success",NA
28,"0.75","rho0_shift","chains/results_parallel_2/SS2_rho0_shift_eta_0.75_Nsim_28_niter80000_n200.rds","success",NA
28,"0.75","rho0_SM","chains/results_parallel_2/SS2_rho0_SM_eta_0.75_Nsim_28_niter80000_n200.rds","success",NA
28,"0.9","rho0_1","chains/results_parallel_2/SS2_rho0_1_eta_0.9_Nsim_28_niter80000_n200.rds","success",NA
28,"0.9","rho0_shift","chains/results_parallel_2/SS2_rho0_shift_eta_0.9_Nsim_28_niter80000_n200.rds","success",NA
28,"0.9","rho0_SM","chains/results_parallel_2/SS2_rho0_SM_eta_0.9_Nsim_28_niter80000_n200.rds","success",NA
29,"CSDA","None","chains/results_parallel_2/SS2_None_eta_CSDA_Nsim_29_niter80000_n200.rds","success",NA
29,"0","rho0_1","chains/results_parallel_2/SS2_rho0_1_eta_0_Nsim_29_niter80000_n200.rds","success",NA
29,"0.5","rho0_1","chains/results_parallel_2/SS2_rho0_1_eta_0.5_Nsim_29_niter80000_n200.rds","success",NA
29,"0.5","rho0_shift","chains/results_parallel_2/SS2_rho0_shift_eta_0.5_Nsim_29_niter80000_n200.rds","success",NA
29,"0.5","rho0_SM","chains/results_parallel_2/SS2_rho0_SM_eta_0.5_Nsim_29_niter80000_n200.rds","success",NA
29,"0.75","rho0_1","chains/results_parallel_2/SS2_rho0_1_eta_0.75_Nsim_29_niter80000_n200.rds","success",NA
29,"0.75","rho0_shift","chains/results_parallel_2/SS2_rho0_shift_eta_0.75_Nsim_29_niter80000_n200.rds","success",NA
29,"0.75","rho0_SM","chains/results_parallel_2/SS2_rho0_SM_eta_0.75_Nsim_29_niter80000_n200.rds","success",NA
29,"0.9","rho0_1","chains/results_parallel_2/SS2_rho0_1_eta_0.9_Nsim_29_niter80000_n200.rds","success",NA
29,"0.9","rho0_shift","chains/results_parallel_2/SS2_rho0_shift_eta_0.9_Nsim_29_niter80000_n200.rds","success",NA
29,"0.9","rho0_SM","chains/results_parallel_2/SS2_rho0_SM_eta_0.9_Nsim_29_niter80000_n200.rds","success",NA
30,"CSDA","None","chains/results_parallel_2/SS2_None_eta_CSDA_Nsim_30_niter80000_n200.rds","success",NA
30,"0","rho0_1","chains/results_parallel_2/SS2_rho0_1_eta_0_Nsim_30_niter80000_n200.rds","success",NA
30,"0.5","rho0_1","chains/results_parallel_2/SS2_rho0_1_eta_0.5_Nsim_30_niter80000_n200.rds","success",NA
30,"0.5","rho0_shift","chains/results_parallel_2/SS2_rho0_shift_eta_0.5_Nsim_30_niter80000_n200.rds","success",NA
30,"0.5","rho0_SM","chains/results_parallel_2/SS2_rho0_SM_eta_0.5_Nsim_30_niter80000_n200.rds","success",NA
30,"0.75","rho0_1","chains/results_parallel_2/SS2_rho0_1_eta_0.75_Nsim_30_niter80000_n200.rds","success",NA
30,"0.75","rho0_shift","chains/results_parallel_2/SS2_rho0_shift_eta_0.75_Nsim_30_niter80000_n200.rds","success",NA
30,"0.75","rho0_SM","chains/results_parallel_2/SS2_rho0_SM_eta_0.75_Nsim_30_niter80000_n200.rds","success",NA
30,"0.9","rho0_1","chains/results_parallel_2/SS2_rho0_1_eta_0.9_Nsim_30_niter80000_n200.rds","success",NA
30,"0.9","rho0_shift","chains/results_parallel_2/SS2_rho0_shift_eta_0.9_Nsim_30_niter80000_n200.rds","success",NA
30,"0.9","rho0_SM","chains/results_parallel_2/SS2_rho0_SM_eta_0.9_Nsim_30_niter80000_n200.rds","success",NA
31,"CSDA","None","chains/results_parallel_2/SS2_None_eta_CSDA_Nsim_31_niter80000_n200.rds","success",NA
31,"0","rho0_1","chains/results_parallel_2/SS2_rho0_1_eta_0_Nsim_31_niter80000_n200.rds","success",NA
31,"0.5","rho0_1","chains/results_parallel_2/SS2_rho0_1_eta_0.5_Nsim_31_niter80000_n200.rds","success",NA
31,"0.5","rho0_shift","chains/results_parallel_2/SS2_rho0_shift_eta_0.5_Nsim_31_niter80000_n200.rds","success",NA
31,"0.5","rho0_SM","chains/results_parallel_2/SS2_rho0_SM_eta_0.5_Nsim_31_niter80000_n200.rds","success",NA
31,"0.75","rho0_1","chains/results_parallel_2/SS2_rho0_1_eta_0.75_Nsim_31_niter80000_n200.rds","success",NA
31,"0.75","rho0_shift","chains/results_parallel_2/SS2_rho0_shift_eta_0.75_Nsim_31_niter80000_n200.rds","success",NA
31,"0.75","rho0_SM","chains/results_parallel_2/SS2_rho0_SM_eta_0.75_Nsim_31_niter80000_n200.rds","success",NA
31,"0.9","rho0_1","chains/results_parallel_2/SS2_rho0_1_eta_0.9_Nsim_31_niter80000_n200.rds","success",NA
31,"0.9","rho0_shift","chains/results_parallel_2/SS2_rho0_shift_eta_0.9_Nsim_31_niter80000_n200.rds","success",NA
31,"0.9","rho0_SM","chains/results_parallel_2/SS2_rho0_SM_eta_0.9_Nsim_31_niter80000_n200.rds","success",NA
32,"CSDA","None","chains/results_parallel_2/SS2_None_eta_CSDA_Nsim_32_niter80000_n200.rds","success",NA
32,"0","rho0_1","chains/results_parallel_2/SS2_rho0_1_eta_0_Nsim_32_niter80000_n200.rds","success",NA
32,"0.5","rho0_1","chains/results_parallel_2/SS2_rho0_1_eta_0.5_Nsim_32_niter80000_n200.rds","success",NA
32,"0.5","rho0_shift","chains/results_parallel_2/SS2_rho0_shift_eta_0.5_Nsim_32_niter80000_n200.rds","success",NA
32,"0.5","rho0_SM","chains/results_parallel_2/SS2_rho0_SM_eta_0.5_Nsim_32_niter80000_n200.rds","success",NA
32,"0.75","rho0_1","chains/results_parallel_2/SS2_rho0_1_eta_0.75_Nsim_32_niter80000_n200.rds","success",NA
32,"0.75","rho0_shift","chains/results_parallel_2/SS2_rho0_shift_eta_0.75_Nsim_32_niter80000_n200.rds","success",NA
32,"0.75","rho0_SM","chains/results_parallel_2/SS2_rho0_SM_eta_0.75_Nsim_32_niter80000_n200.rds","success",NA
32,"0.9","rho0_1","chains/results_parallel_2/SS2_rho0_1_eta_0.9_Nsim_32_niter80000_n200.rds","success",NA
32,"0.9","rho0_shift","chains/results_parallel_2/SS2_rho0_shift_eta_0.9_Nsim_32_niter80000_n200.rds","success",NA
32,"0.9","rho0_SM","chains/results_parallel_2/SS2_rho0_SM_eta_0.9_Nsim_32_niter80000_n200.rds","success",NA
33,"CSDA","None","chains/results_parallel_2/SS2_None_eta_CSDA_Nsim_33_niter80000_n200.rds","success",NA
33,"0","rho0_1","chains/results_parallel_2/SS2_rho0_1_eta_0_Nsim_33_niter80000_n200.rds","success",NA
33,"0.5","rho0_1","chains/results_parallel_2/SS2_rho0_1_eta_0.5_Nsim_33_niter80000_n200.rds","success",NA
33,"0.5","rho0_shift","chains/results_parallel_2/SS2_rho0_shift_eta_0.5_Nsim_33_niter80000_n200.rds","success",NA
33,"0.5","rho0_SM","chains/results_parallel_2/SS2_rho0_SM_eta_0.5_Nsim_33_niter80000_n200.rds","success",NA
33,"0.75","rho0_1","chains/results_parallel_2/SS2_rho0_1_eta_0.75_Nsim_33_niter80000_n200.rds","success",NA
33,"0.75","rho0_shift","chains/results_parallel_2/SS2_rho0_shift_eta_0.75_Nsim_33_niter80000_n200.rds","success",NA
33,"0.75","rho0_SM","chains/results_parallel_2/SS2_rho0_SM_eta_0.75_Nsim_33_niter80000_n200.rds","success",NA
33,"0.9","rho0_1","chains/results_parallel_2/SS2_rho0_1_eta_0.9_Nsim_33_niter80000_n200.rds","success",NA
33,"0.9","rho0_shift","chains/results_parallel_2/SS2_rho0_shift_eta_0.9_Nsim_33_niter80000_n200.rds","success",NA
33,"0.9","rho0_SM","chains/results_parallel_2/SS2_rho0_SM_eta_0.9_Nsim_33_niter80000_n200.rds","success",NA
34,"CSDA","None","chains/results_parallel_2/SS2_None_eta_CSDA_Nsim_34_niter80000_n200.rds","success",NA
34,"0","rho0_1","chains/results_parallel_2/SS2_rho0_1_eta_0_Nsim_34_niter80000_n200.rds","success",NA
34,"0.5","rho0_1","chains/results_parallel_2/SS2_rho0_1_eta_0.5_Nsim_34_niter80000_n200.rds","success",NA
34,"0.5","rho0_shift","chains/results_parallel_2/SS2_rho0_shift_eta_0.5_Nsim_34_niter80000_n200.rds","success",NA
34,"0.5","rho0_SM","chains/results_parallel_2/SS2_rho0_SM_eta_0.5_Nsim_34_niter80000_n200.rds","success",NA
34,"0.75","rho0_1","chains/results_parallel_2/SS2_rho0_1_eta_0.75_Nsim_34_niter80000_n200.rds","success",NA
34,"0.75","rho0_shift","chains/results_parallel_2/SS2_rho0_shift_eta_0.75_Nsim_34_niter80000_n200.rds","success",NA
34,"0.75","rho0_SM","chains/results_parallel_2/SS2_rho0_SM_eta_0.75_Nsim_34_niter80000_n200.rds","success",NA
34,"0.9","rho0_1","chains/results_parallel_2/SS2_rho0_1_eta_0.9_Nsim_34_niter80000_n200.rds","success",NA
34,"0.9","rho0_shift","chains/results_parallel_2/SS2_rho0_shift_eta_0.9_Nsim_34_niter80000_n200.rds","success",NA
34,"0.9","rho0_SM","chains/results_parallel_2/SS2_rho0_SM_eta_0.9_Nsim_34_niter80000_n200.rds","success",NA
35,"CSDA","None","chains/results_parallel_2/SS2_None_eta_CSDA_Nsim_35_niter80000_n200.rds","success",NA
35,"0","rho0_1","chains/results_parallel_2/SS2_rho0_1_eta_0_Nsim_35_niter80000_n200.rds","success",NA
35,"0.5","rho0_1","chains/results_parallel_2/SS2_rho0_1_eta_0.5_Nsim_35_niter80000_n200.rds","success",NA
35,"0.5","rho0_shift","chains/results_parallel_2/SS2_rho0_shift_eta_0.5_Nsim_35_niter80000_n200.rds","success",NA
35,"0.5","rho0_SM","chains/results_parallel_2/SS2_rho0_SM_eta_0.5_Nsim_35_niter80000_n200.rds","success",NA
35,"0.75","rho0_1","chains/results_parallel_2/SS2_rho0_1_eta_0.75_Nsim_35_niter80000_n200.rds","success",NA
35,"0.75","rho0_shift","chains/results_parallel_2/SS2_rho0_shift_eta_0.75_Nsim_35_niter80000_n200.rds","success",NA
35,"0.75","rho0_SM","chains/results_parallel_2/SS2_rho0_SM_eta_0.75_Nsim_35_niter80000_n200.rds","success",NA
35,"0.9","rho0_1","chains/results_parallel_2/SS2_rho0_1_eta_0.9_Nsim_35_niter80000_n200.rds","success",NA
35,"0.9","rho0_shift","chains/results_parallel_2/SS2_rho0_shift_eta_0.9_Nsim_35_niter80000_n200.rds","success",NA
35,"0.9","rho0_SM","chains/results_parallel_2/SS2_rho0_SM_eta_0.9_Nsim_35_niter80000_n200.rds","success",NA
36,"CSDA","None","chains/results_parallel_2/SS2_None_eta_CSDA_Nsim_36_niter80000_n200.rds","success",NA
36,"0","rho0_1","chains/results_parallel_2/SS2_rho0_1_eta_0_Nsim_36_niter80000_n200.rds","success",NA
36,"0.5","rho0_1","chains/results_parallel_2/SS2_rho0_1_eta_0.5_Nsim_36_niter80000_n200.rds","success",NA
36,"0.5","rho0_shift","chains/results_parallel_2/SS2_rho0_shift_eta_0.5_Nsim_36_niter80000_n200.rds","success",NA
36,"0.5","rho0_SM","chains/results_parallel_2/SS2_rho0_SM_eta_0.5_Nsim_36_niter80000_n200.rds","success",NA
36,"0.75","rho0_1","chains/results_parallel_2/SS2_rho0_1_eta_0.75_Nsim_36_niter80000_n200.rds","success",NA
36,"0.75","rho0_shift","chains/results_parallel_2/SS2_rho0_shift_eta_0.75_Nsim_36_niter80000_n200.rds","success",NA
36,"0.75","rho0_SM","chains/results_parallel_2/SS2_rho0_SM_eta_0.75_Nsim_36_niter80000_n200.rds","success",NA
36,"0.9","rho0_1","chains/results_parallel_2/SS2_rho0_1_eta_0.9_Nsim_36_niter80000_n200.rds","success",NA
36,"0.9","rho0_shift","chains/results_parallel_2/SS2_rho0_shift_eta_0.9_Nsim_36_niter80000_n200.rds","success",NA
36,"0.9","rho0_SM","chains/results_parallel_2/SS2_rho0_SM_eta_0.9_Nsim_36_niter80000_n200.rds","success",NA
37,"CSDA","None","chains/results_parallel_2/SS2_None_eta_CSDA_Nsim_37_niter80000_n200.rds","success",NA
37,"0","rho0_1","chains/results_parallel_2/SS2_rho0_1_eta_0_Nsim_37_niter80000_n200.rds","success",NA
37,"0.5","rho0_1","chains/results_parallel_2/SS2_rho0_1_eta_0.5_Nsim_37_niter80000_n200.rds","success",NA
37,"0.5","rho0_shift","chains/results_parallel_2/SS2_rho0_shift_eta_0.5_Nsim_37_niter80000_n200.rds","success",NA
37,"0.5","rho0_SM","chains/results_parallel_2/SS2_rho0_SM_eta_0.5_Nsim_37_niter80000_n200.rds","success",NA
37,"0.75","rho0_1","chains/results_parallel_2/SS2_rho0_1_eta_0.75_Nsim_37_niter80000_n200.rds","success",NA
37,"0.75","rho0_shift","chains/results_parallel_2/SS2_rho0_shift_eta_0.75_Nsim_37_niter80000_n200.rds","success",NA
37,"0.75","rho0_SM","chains/results_parallel_2/SS2_rho0_SM_eta_0.75_Nsim_37_niter80000_n200.rds","success",NA
37,"0.9","rho0_1","chains/results_parallel_2/SS2_rho0_1_eta_0.9_Nsim_37_niter80000_n200.rds","success",NA
37,"0.9","rho0_shift","chains/results_parallel_2/SS2_rho0_shift_eta_0.9_Nsim_37_niter80000_n200.rds","success",NA
37,"0.9","rho0_SM","chains/results_parallel_2/SS2_rho0_SM_eta_0.9_Nsim_37_niter80000_n200.rds","success",NA
38,"CSDA","None","chains/results_parallel_2/SS2_None_eta_CSDA_Nsim_38_niter80000_n200.rds","success",NA
38,"0","rho0_1","chains/results_parallel_2/SS2_rho0_1_eta_0_Nsim_38_niter80000_n200.rds","success",NA
38,"0.5","rho0_1","chains/results_parallel_2/SS2_rho0_1_eta_0.5_Nsim_38_niter80000_n200.rds","success",NA
38,"0.5","rho0_shift","chains/results_parallel_2/SS2_rho0_shift_eta_0.5_Nsim_38_niter80000_n200.rds","success",NA
38,"0.5","rho0_SM","chains/results_parallel_2/SS2_rho0_SM_eta_0.5_Nsim_38_niter80000_n200.rds","success",NA
38,"0.75","rho0_1","chains/results_parallel_2/SS2_rho0_1_eta_0.75_Nsim_38_niter80000_n200.rds","success",NA
38,"0.75","rho0_shift","chains/results_parallel_2/SS2_rho0_shift_eta_0.75_Nsim_38_niter80000_n200.rds","success",NA
38,"0.75","rho0_SM","chains/results_parallel_2/SS2_rho0_SM_eta_0.75_Nsim_38_niter80000_n200.rds","success",NA
38,"0.9","rho0_1","chains/results_parallel_2/SS2_rho0_1_eta_0.9_Nsim_38_niter80000_n200.rds","success",NA
38,"0.9","rho0_shift","chains/results_parallel_2/SS2_rho0_shift_eta_0.9_Nsim_38_niter80000_n200.rds","success",NA
38,"0.9","rho0_SM","chains/results_parallel_2/SS2_rho0_SM_eta_0.9_Nsim_38_niter80000_n200.rds","success",NA
39,"CSDA","None","chains/results_parallel_2/SS2_None_eta_CSDA_Nsim_39_niter80000_n200.rds","success",NA
39,"0","rho0_1","chains/results_parallel_2/SS2_rho0_1_eta_0_Nsim_39_niter80000_n200.rds","success",NA
39,"0.5","rho0_1","chains/results_parallel_2/SS2_rho0_1_eta_0.5_Nsim_39_niter80000_n200.rds","success",NA
39,"0.5","rho0_shift","chains/results_parallel_2/SS2_rho0_shift_eta_0.5_Nsim_39_niter80000_n200.rds","success",NA
39,"0.5","rho0_SM","chains/results_parallel_2/SS2_rho0_SM_eta_0.5_Nsim_39_niter80000_n200.rds","success",NA
39,"0.75","rho0_1","chains/results_parallel_2/SS2_rho0_1_eta_0.75_Nsim_39_niter80000_n200.rds","success",NA
39,"0.75","rho0_shift","chains/results_parallel_2/SS2_rho0_shift_eta_0.75_Nsim_39_niter80000_n200.rds","success",NA
39,"0.75","rho0_SM","chains/results_parallel_2/SS2_rho0_SM_eta_0.75_Nsim_39_niter80000_n200.rds","success",NA
39,"0.9","rho0_1","chains/results_parallel_2/SS2_rho0_1_eta_0.9_Nsim_39_niter80000_n200.rds","success",NA
39,"0.9","rho0_shift","chains/results_parallel_2/SS2_rho0_shift_eta_0.9_Nsim_39_niter80000_n200.rds","success",NA
39,"0.9","rho0_SM","chains/results_parallel_2/SS2_rho0_SM_eta_0.9_Nsim_39_niter80000_n200.rds","success",NA
40,"CSDA","None","chains/results_parallel_2/SS2_None_eta_CSDA_Nsim_40_niter80000_n200.rds","success",NA
40,"0","rho0_1","chains/results_parallel_2/SS2_rho0_1_eta_0_Nsim_40_niter80000_n200.rds","success",NA
40,"0.5","rho0_1","chains/results_parallel_2/SS2_rho0_1_eta_0.5_Nsim_40_niter80000_n200.rds","success",NA
40,"0.5","rho0_shift","chains/results_parallel_2/SS2_rho0_shift_eta_0.5_Nsim_40_niter80000_n200.rds","success",NA
40,"0.5","rho0_SM","chains/results_parallel_2/SS2_rho0_SM_eta_0.5_Nsim_40_niter80000_n200.rds","success",NA
40,"0.75","rho0_1","chains/results_parallel_2/SS2_rho0_1_eta_0.75_Nsim_40_niter80000_n200.rds","success",NA
40,"0.75","rho0_shift","chains/results_parallel_2/SS2_rho0_shift_eta_0.75_Nsim_40_niter80000_n200.rds","success",NA
40,"0.75","rho0_SM","chains/results_parallel_2/SS2_rho0_SM_eta_0.75_Nsim_40_niter80000_n200.rds","success",NA
40,"0.9","rho0_1","chains/results_parallel_2/SS2_rho0_1_eta_0.9_Nsim_40_niter80000_n200.rds","success",NA
40,"0.9","rho0_shift","chains/results_parallel_2/SS2_rho0_shift_eta_0.9_Nsim_40_niter80000_n200.rds","success",NA
40,"0.9","rho0_SM","chains/results_parallel_2/SS2_rho0_SM_eta_0.9_Nsim_40_niter80000_n200.rds","success",NA
41,"CSDA","None","chains/results_parallel_2/SS2_None_eta_CSDA_Nsim_41_niter80000_n200.rds","success",NA
41,"0","rho0_1","chains/results_parallel_2/SS2_rho0_1_eta_0_Nsim_41_niter80000_n200.rds","success",NA
41,"0.5","rho0_1","chains/results_parallel_2/SS2_rho0_1_eta_0.5_Nsim_41_niter80000_n200.rds","success",NA
41,"0.5","rho0_shift","chains/results_parallel_2/SS2_rho0_shift_eta_0.5_Nsim_41_niter80000_n200.rds","success",NA
41,"0.5","rho0_SM","chains/results_parallel_2/SS2_rho0_SM_eta_0.5_Nsim_41_niter80000_n200.rds","success",NA
41,"0.75","rho0_1","chains/results_parallel_2/SS2_rho0_1_eta_0.75_Nsim_41_niter80000_n200.rds","success",NA
41,"0.75","rho0_shift","chains/results_parallel_2/SS2_rho0_shift_eta_0.75_Nsim_41_niter80000_n200.rds","success",NA
41,"0.75","rho0_SM","chains/results_parallel_2/SS2_rho0_SM_eta_0.75_Nsim_41_niter80000_n200.rds","success",NA
41,"0.9","rho0_1","chains/results_parallel_2/SS2_rho0_1_eta_0.9_Nsim_41_niter80000_n200.rds","success",NA
41,"0.9","rho0_shift","chains/results_parallel_2/SS2_rho0_shift_eta_0.9_Nsim_41_niter80000_n200.rds","success",NA
41,"0.9","rho0_SM","chains/results_parallel_2/SS2_rho0_SM_eta_0.9_Nsim_41_niter80000_n200.rds","success",NA
42,"CSDA","None","chains/results_parallel_2/SS2_None_eta_CSDA_Nsim_42_niter80000_n200.rds","success",NA
42,"0","rho0_1","chains/results_parallel_2/SS2_rho0_1_eta_0_Nsim_42_niter80000_n200.rds","success",NA
42,"0.5","rho0_1","chains/results_parallel_2/SS2_rho0_1_eta_0.5_Nsim_42_niter80000_n200.rds","success",NA
42,"0.5","rho0_shift","chains/results_parallel_2/SS2_rho0_shift_eta_0.5_Nsim_42_niter80000_n200.rds","success",NA
42,"0.5","rho0_SM","chains/results_parallel_2/SS2_rho0_SM_eta_0.5_Nsim_42_niter80000_n200.rds","success",NA
42,"0.75","rho0_1","chains/results_parallel_2/SS2_rho0_1_eta_0.75_Nsim_42_niter80000_n200.rds","success",NA
42,"0.75","rho0_shift","chains/results_parallel_2/SS2_rho0_shift_eta_0.75_Nsim_42_niter80000_n200.rds","success",NA
42,"0.75","rho0_SM","chains/results_parallel_2/SS2_rho0_SM_eta_0.75_Nsim_42_niter80000_n200.rds","success",NA
42,"0.9","rho0_1","chains/results_parallel_2/SS2_rho0_1_eta_0.9_Nsim_42_niter80000_n200.rds","success",NA
42,"0.9","rho0_shift","chains/results_parallel_2/SS2_rho0_shift_eta_0.9_Nsim_42_niter80000_n200.rds","success",NA
42,"0.9","rho0_SM","chains/results_parallel_2/SS2_rho0_SM_eta_0.9_Nsim_42_niter80000_n200.rds","success",NA
43,"CSDA","None","chains/results_parallel_2/SS2_None_eta_CSDA_Nsim_43_niter80000_n200.rds","success",NA
43,"0","rho0_1","chains/results_parallel_2/SS2_rho0_1_eta_0_Nsim_43_niter80000_n200.rds","success",NA
43,"0.5","rho0_1","chains/results_parallel_2/SS2_rho0_1_eta_0.5_Nsim_43_niter80000_n200.rds","success",NA
43,"0.5","rho0_shift","chains/results_parallel_2/SS2_rho0_shift_eta_0.5_Nsim_43_niter80000_n200.rds","success",NA
43,"0.5","rho0_SM","chains/results_parallel_2/SS2_rho0_SM_eta_0.5_Nsim_43_niter80000_n200.rds","success",NA
43,"0.75","rho0_1","chains/results_parallel_2/SS2_rho0_1_eta_0.75_Nsim_43_niter80000_n200.rds","success",NA
43,"0.75","rho0_shift","chains/results_parallel_2/SS2_rho0_shift_eta_0.75_Nsim_43_niter80000_n200.rds","success",NA
43,"0.75","rho0_SM","chains/results_parallel_2/SS2_rho0_SM_eta_0.75_Nsim_43_niter80000_n200.rds","success",NA
43,"0.9","rho0_1","chains/results_parallel_2/SS2_rho0_1_eta_0.9_Nsim_43_niter80000_n200.rds","success",NA
43,"0.9","rho0_shift","chains/results_parallel_2/SS2_rho0_shift_eta_0.9_Nsim_43_niter80000_n200.rds","success",NA
43,"0.9","rho0_SM","chains/results_parallel_2/SS2_rho0_SM_eta_0.9_Nsim_43_niter80000_n200.rds","success",NA
44,"CSDA","None","chains/results_parallel_2/SS2_None_eta_CSDA_Nsim_44_niter80000_n200.rds","success",NA
44,"0","rho0_1","chains/results_parallel_2/SS2_rho0_1_eta_0_Nsim_44_niter80000_n200.rds","success",NA
44,"0.5","rho0_1","chains/results_parallel_2/SS2_rho0_1_eta_0.5_Nsim_44_niter80000_n200.rds","success",NA
44,"0.5","rho0_shift","chains/results_parallel_2/SS2_rho0_shift_eta_0.5_Nsim_44_niter80000_n200.rds","success",NA
44,"0.5","rho0_SM","chains/results_parallel_2/SS2_rho0_SM_eta_0.5_Nsim_44_niter80000_n200.rds","success",NA
44,"0.75","rho0_1","chains/results_parallel_2/SS2_rho0_1_eta_0.75_Nsim_44_niter80000_n200.rds","success",NA
44,"0.75","rho0_shift","chains/results_parallel_2/SS2_rho0_shift_eta_0.75_Nsim_44_niter80000_n200.rds","success",NA
44,"0.75","rho0_SM","chains/results_parallel_2/SS2_rho0_SM_eta_0.75_Nsim_44_niter80000_n200.rds","success",NA
44,"0.9","rho0_1","chains/results_parallel_2/SS2_rho0_1_eta_0.9_Nsim_44_niter80000_n200.rds","success",NA
44,"0.9","rho0_shift","chains/results_parallel_2/SS2_rho0_shift_eta_0.9_Nsim_44_niter80000_n200.rds","success",NA
44,"0.9","rho0_SM","chains/results_parallel_2/SS2_rho0_SM_eta_0.9_Nsim_44_niter80000_n200.rds","success",NA
45,"CSDA","None","chains/results_parallel_2/SS2_None_eta_CSDA_Nsim_45_niter80000_n200.rds","success",NA
45,"0","rho0_1","chains/results_parallel_2/SS2_rho0_1_eta_0_Nsim_45_niter80000_n200.rds","success",NA
45,"0.5","rho0_1","chains/results_parallel_2/SS2_rho0_1_eta_0.5_Nsim_45_niter80000_n200.rds","success",NA
45,"0.5","rho0_shift","chains/results_parallel_2/SS2_rho0_shift_eta_0.5_Nsim_45_niter80000_n200.rds","success",NA
45,"0.5","rho0_SM","chains/results_parallel_2/SS2_rho0_SM_eta_0.5_Nsim_45_niter80000_n200.rds","success",NA
45,"0.75","rho0_1","chains/results_parallel_2/SS2_rho0_1_eta_0.75_Nsim_45_niter80000_n200.rds","success",NA
45,"0.75","rho0_shift","chains/results_parallel_2/SS2_rho0_shift_eta_0.75_Nsim_45_niter80000_n200.rds","success",NA
45,"0.75","rho0_SM","chains/results_parallel_2/SS2_rho0_SM_eta_0.75_Nsim_45_niter80000_n200.rds","success",NA
45,"0.9","rho0_1","chains/results_parallel_2/SS2_rho0_1_eta_0.9_Nsim_45_niter80000_n200.rds","success",NA
45,"0.9","rho0_shift","chains/results_parallel_2/SS2_rho0_shift_eta_0.9_Nsim_45_niter80000_n200.rds","success",NA
45,"0.9","rho0_SM","chains/results_parallel_2/SS2_rho0_SM_eta_0.9_Nsim_45_niter80000_n200.rds","success",NA
46,"CSDA","None","chains/results_parallel_2/SS2_None_eta_CSDA_Nsim_46_niter80000_n200.rds","success",NA
46,"0","rho0_1","chains/results_parallel_2/SS2_rho0_1_eta_0_Nsim_46_niter80000_n200.rds","success",NA
46,"0.5","rho0_1","chains/results_parallel_2/SS2_rho0_1_eta_0.5_Nsim_46_niter80000_n200.rds","success",NA
46,"0.5","rho0_shift","chains/results_parallel_2/SS2_rho0_shift_eta_0.5_Nsim_46_niter80000_n200.rds","success",NA
46,"0.5","rho0_SM","chains/results_parallel_2/SS2_rho0_SM_eta_0.5_Nsim_46_niter80000_n200.rds","success",NA
46,"0.75","rho0_1","chains/results_parallel_2/SS2_rho0_1_eta_0.75_Nsim_46_niter80000_n200.rds","success",NA
46,"0.75","rho0_shift","chains/results_parallel_2/SS2_rho0_shift_eta_0.75_Nsim_46_niter80000_n200.rds","success",NA
46,"0.75","rho0_SM","chains/results_parallel_2/SS2_rho0_SM_eta_0.75_Nsim_46_niter80000_n200.rds","success",NA
46,"0.9","rho0_1","chains/results_parallel_2/SS2_rho0_1_eta_0.9_Nsim_46_niter80000_n200.rds","success",NA
46,"0.9","rho0_shift","chains/results_parallel_2/SS2_rho0_shift_eta_0.9_Nsim_46_niter80000_n200.rds","success",NA
46,"0.9","rho0_SM","chains/results_parallel_2/SS2_rho0_SM_eta_0.9_Nsim_46_niter80000_n200.rds","success",NA
47,"CSDA","None","chains/results_parallel_2/SS2_None_eta_CSDA_Nsim_47_niter80000_n200.rds","success",NA
47,"0","rho0_1","chains/results_parallel_2/SS2_rho0_1_eta_0_Nsim_47_niter80000_n200.rds","success",NA
47,"0.5","rho0_1","chains/results_parallel_2/SS2_rho0_1_eta_0.5_Nsim_47_niter80000_n200.rds","success",NA
47,"0.5","rho0_shift","chains/results_parallel_2/SS2_rho0_shift_eta_0.5_Nsim_47_niter80000_n200.rds","success",NA
47,"0.5","rho0_SM","chains/results_parallel_2/SS2_rho0_SM_eta_0.5_Nsim_47_niter80000_n200.rds","success",NA
47,"0.75","rho0_1","chains/results_parallel_2/SS2_rho0_1_eta_0.75_Nsim_47_niter80000_n200.rds","success",NA
47,"0.75","rho0_shift","chains/results_parallel_2/SS2_rho0_shift_eta_0.75_Nsim_47_niter80000_n200.rds","success",NA
47,"0.75","rho0_SM","chains/results_parallel_2/SS2_rho0_SM_eta_0.75_Nsim_47_niter80000_n200.rds","success",NA
47,"0.9","rho0_1","chains/results_parallel_2/SS2_rho0_1_eta_0.9_Nsim_47_niter80000_n200.rds","success",NA
47,"0.9","rho0_shift","chains/results_parallel_2/SS2_rho0_shift_eta_0.9_Nsim_47_niter80000_n200.rds","success",NA
47,"0.9","rho0_SM","chains/results_parallel_2/SS2_rho0_SM_eta_0.9_Nsim_47_niter80000_n200.rds","success",NA
48,"CSDA","None","chains/results_parallel_2/SS2_None_eta_CSDA_Nsim_48_niter80000_n200.rds","success",NA
48,"0","rho0_1","chains/results_parallel_2/SS2_rho0_1_eta_0_Nsim_48_niter80000_n200.rds","success",NA
48,"0.5","rho0_1","chains/results_parallel_2/SS2_rho0_1_eta_0.5_Nsim_48_niter80000_n200.rds","success",NA
48,"0.5","rho0_shift","chains/results_parallel_2/SS2_rho0_shift_eta_0.5_Nsim_48_niter80000_n200.rds","success",NA
48,"0.5","rho0_SM","chains/results_parallel_2/SS2_rho0_SM_eta_0.5_Nsim_48_niter80000_n200.rds","success",NA
48,"0.75","rho0_1","chains/results_parallel_2/SS2_rho0_1_eta_0.75_Nsim_48_niter80000_n200.rds","success",NA
48,"0.75","rho0_shift","chains/results_parallel_2/SS2_rho0_shift_eta_0.75_Nsim_48_niter80000_n200.rds","success",NA
48,"0.75","rho0_SM","chains/results_parallel_2/SS2_rho0_SM_eta_0.75_Nsim_48_niter80000_n200.rds","success",NA
48,"0.9","rho0_1","chains/results_parallel_2/SS2_rho0_1_eta_0.9_Nsim_48_niter80000_n200.rds","success",NA
48,"0.9","rho0_shift","chains/results_parallel_2/SS2_rho0_shift_eta_0.9_Nsim_48_niter80000_n200.rds","success",NA
48,"0.9","rho0_SM","chains/results_parallel_2/SS2_rho0_SM_eta_0.9_Nsim_48_niter80000_n200.rds","success",NA
49,"CSDA","None","chains/results_parallel_2/SS2_None_eta_CSDA_Nsim_49_niter80000_n200.rds","success",NA
49,"0","rho0_1","chains/results_parallel_2/SS2_rho0_1_eta_0_Nsim_49_niter80000_n200.rds","success",NA
49,"0.5","rho0_1","chains/results_parallel_2/SS2_rho0_1_eta_0.5_Nsim_49_niter80000_n200.rds","success",NA
49,"0.5","rho0_shift","chains/results_parallel_2/SS2_rho0_shift_eta_0.5_Nsim_49_niter80000_n200.rds","success",NA
49,"0.5","rho0_SM","chains/results_parallel_2/SS2_rho0_SM_eta_0.5_Nsim_49_niter80000_n200.rds","success",NA
49,"0.75","rho0_1","chains/results_parallel_2/SS2_rho0_1_eta_0.75_Nsim_49_niter80000_n200.rds","success",NA
49,"0.75","rho0_shift","chains/results_parallel_2/SS2_rho0_shift_eta_0.75_Nsim_49_niter80000_n200.rds","success",NA
49,"0.75","rho0_SM","chains/results_parallel_2/SS2_rho0_SM_eta_0.75_Nsim_49_niter80000_n200.rds","success",NA
49,"0.9","rho0_1","chains/results_parallel_2/SS2_rho0_1_eta_0.9_Nsim_49_niter80000_n200.rds","success",NA
49,"0.9","rho0_shift","chains/results_parallel_2/SS2_rho0_shift_eta_0.9_Nsim_49_niter80000_n200.rds","success",NA
49,"0.9","rho0_SM","chains/results_parallel_2/SS2_rho0_SM_eta_0.9_Nsim_49_niter80000_n200.rds","success",NA
50,"CSDA","None","chains/results_parallel_2/SS2_None_eta_CSDA_Nsim_50_niter80000_n200.rds","success",NA
50,"0","rho0_1","chains/results_parallel_2/SS2_rho0_1_eta_0_Nsim_50_niter80000_n200.rds","success",NA
50,"0.5","rho0_1","chains/results_parallel_2/SS2_rho0_1_eta_0.5_Nsim_50_niter80000_n200.rds","success",NA
50,"0.5","rho0_shift","chains/results_parallel_2/SS2_rho0_shift_eta_0.5_Nsim_50_niter80000_n200.rds","success",NA
50,"0.5","rho0_SM","chains/results_parallel_2/SS2_rho0_SM_eta_0.5_Nsim_50_niter80000_n200.rds","success",NA
50,"0.75","rho0_1","chains/results_parallel_2/SS2_rho0_1_eta_0.75_Nsim_50_niter80000_n200.rds","success",NA
50,"0.75","rho0_shift","chains/results_parallel_2/SS2_rho0_shift_eta_0.75_Nsim_50_niter80000_n200.rds","success",NA
50,"0.75","rho0_SM","chains/results_parallel_2/SS2_rho0_SM_eta_0.75_Nsim_50_niter80000_n200.rds","success",NA
50,"0.9","rho0_1","chains/results_parallel_2/SS2_rho0_1_eta_0.9_Nsim_50_niter80000_n200.rds","success",NA
50,"0.9","rho0_shift","chains/results_parallel_2/SS2_rho0_shift_eta_0.9_Nsim_50_niter80000_n200.rds","success",NA
50,"0.9","rho0_SM","chains/results_parallel_2/SS2_rho0_SM_eta_0.9_Nsim_50_niter80000_n200.rds","success",NA
